----------------------
:::::::::::::::::::::::::::::::::::::::::::::::::::::::::::::::::::::::::::::::
                                     Date and Time: 2025-09-30T01:31:38.293
:::::::::::::::::::::::::::::::::::::::::::::::::::::::::::::::::::::::::::::::
local boson: T = [1.0, 1.0e-30], alpha = [1.25, 0.25], N_chain = 130, maxdim = 100, cutoff = -14, tau = 0.001, jump = 20, boson_dim = 6, omega = 5;
Any[0.006831900328148791, 0.007189450823088688, 0.0014629166892911433, 3.475218001500055e-5, 3.316611608332293e-5, 1.6448115341879165e-7, 2.3342137760313638e-7, 2.0515197418022529e-7, 1.9599295652510846e-11, 1.4018740128888186e-9, 1.2097961628756299e-9, 0.0, 0.0, 0.0, 0.0, 0.0, 0.0, 0.0, 0.0, 0.0, 0.0, 0.0, 0.0, 0.0, 0.0, 0.0, 0.0, 0.0, 0.0, 0.0, 0.0, 0.0, 0.0, 0.0, 0.0, 0.0, 0.0, 0.0, 0.0, 0.0, 0.0, 0.0, 0.0, 0.0, 0.0, 0.0, 0.0, 0.0, 0.0, 0.0, 0.0, 0.0, 0.0, 0.0, 0.0, 0.0, 0.0, 0.0, 0.0, 0.0, 0.0, 0.0, 0.0, 0.0, 0.0, 0.0, 0.0, 0.0, 0.0, 0.0, 0.0, 0.0, 0.0, 0.0, 0.0, 0.0, 0.0, 0.0, 0.0, 0.0, 0.0, 0.0, 0.0, 0.0, 0.0, 0.0, 0.0, 0.0, 0.0, 0.0, 0.0, 0.0, 0.0, 0.0, 0.0, 0.0, 0.0, 0.0, 0.0, 0.0, 0.0, 0.0, 0.0, 0.0, 0.0, 0.0, 0.0, 0.0, 0.0, 0.0, 0.0, 0.0, 0.0, 0.0, 0.0, 0.0, 0.0, 0.0, 0.0, 0.0, 0.0, 0.0, 0.0, 0.0, 0.0, 0.0, 0.0, 0.0, 0.0, 0.0, 0.0, 0.0, 0.0, 0.0, 0.0, 0.0, 0.0, 0.0, 0.0, 0.0, 0.0, 0.0, 0.0, 0.0, 0.0, 0.0, 0.0, 0.0, 0.0, 0.0, 0.0, 0.0, 0.0, 0.0, 0.0, 0.0, 0.0, 0.0, 0.0, 0.0, 0.0, 0.0, 0.0, 0.0, 0.0, 0.0, 0.0, 0.0, 0.0, 0.0, 0.0, 0.0, 0.0, 0.0, 0.0, 0.0, 0.0, 0.0, 0.0, 0.0, 0.0, 0.0, 0.0, 0.0, 0.0, 0.0, 0.0, 0.0, 0.0, 0.0, 0.0, 0.0, 0.0, 0.0, 0.0, 0.0, 0.0, 0.0, 0.0, 0.0, 0.0, 0.0, 0.0, 0.0, 0.0, 0.0, 0.0, 0.0, 0.0, 0.0, 0.0, 0.0, 0.0, 0.0, 0.0, 0.0, 0.0, 0.0, 0.0, 0.0, 0.0, 0.0, 0.0, 0.0, 0.0, 0.0, 0.0, 0.0, 0.0, 0.0, 0.0, 0.0, 0.0, 0.0, 0.0, 0.0, 0.0, 0.0, 0.0, 0.0, 0.0, 0.0, 0.0, 0.0, 0.0, 0.0, 0.0, 0.0, 0.0, 0.0, 0.0, 0.0, 0.0, 0.0, 0.0, 0.0, 0.0, 0.0, 0.0, 0.0, 0.0, 0.0, 0.0, 0.0, 0.0, 0.0, 0.0, 0.0, 0.0, 0.0, 0.0, 0.0, 0.0, 0.0, 0.0, 0.0, 0.0, 0.0, 0.0, 0.0, 0.0, 0.0, 0.0, 0.0, 0.0, 0.0, 0.0, 0.0, 0.0, 0.0, 0.0, 0.0, 0.0, 0.0, 0.0, 0.0, 0.0, 0.0, 0.0, 0.0];
Any[0.026565950848146322, 0.028969251878752714, 0.006053230480441631, 0.0005241523307890506, 0.0005381017092439837, 2.8085818362690688e-6, 1.3600401414027027e-5, 1.3338778621396348e-5, 1.8138917286110846e-9, 4.096089305549594e-7, 3.87344850575993e-7, 0.0, 0.0, 0.0, 0.0, 0.0, 0.0, 0.0, 0.0, 0.0, 0.0, 0.0, 0.0, 0.0, 0.0, 0.0, 0.0, 0.0, 0.0, 0.0, 0.0, 0.0, 0.0, 0.0, 0.0, 0.0, 0.0, 0.0, 0.0, 0.0, 0.0, 0.0, 0.0, 0.0, 0.0, 0.0, 0.0, 0.0, 0.0, 0.0, 0.0, 0.0, 0.0, 0.0, 0.0, 0.0, 0.0, 0.0, 0.0, 0.0, 0.0, 0.0, 0.0, 0.0, 0.0, 0.0, 0.0, 0.0, 0.0, 0.0, 0.0, 0.0, 0.0, 0.0, 0.0, 0.0, 0.0, 0.0, 0.0, 0.0, 0.0, 0.0, 0.0, 0.0, 0.0, 0.0, 0.0, 0.0, 0.0, 0.0, 0.0, 0.0, 0.0, 0.0, 0.0, 0.0, 0.0, 0.0, 0.0, 0.0, 0.0, 0.0, 0.0, 0.0, 0.0, 0.0, 0.0, 0.0, 0.0, 0.0, 0.0, 0.0, 0.0, 0.0, 0.0, 0.0, 0.0, 0.0, 0.0, 0.0, 0.0, 0.0, 0.0, 0.0, 0.0, 0.0, 0.0, 0.0, 0.0, 0.0, 0.0, 0.0, 0.0, 0.0, 0.0, 0.0, 0.0, 0.0, 0.0, 0.0, 0.0, 0.0, 0.0, 0.0, 0.0, 0.0, 0.0, 0.0, 0.0, 0.0, 0.0, 0.0, 0.0, 0.0, 0.0, 0.0, 0.0, 0.0, 0.0, 0.0, 0.0, 0.0, 0.0, 0.0, 0.0, 0.0, 0.0, 0.0, 0.0, 0.0, 0.0, 0.0, 0.0, 0.0, 0.0, 0.0, 0.0, 0.0, 0.0, 0.0, 0.0, 0.0, 0.0, 0.0, 0.0, 0.0, 0.0, 0.0, 0.0, 0.0, 0.0, 0.0, 0.0, 0.0, 0.0, 0.0, 0.0, 0.0, 0.0, 0.0, 0.0, 0.0, 0.0, 0.0, 0.0, 0.0, 0.0, 0.0, 0.0, 0.0, 0.0, 0.0, 0.0, 0.0, 0.0, 0.0, 0.0, 0.0, 0.0, 0.0, 0.0, 0.0, 0.0, 0.0, 0.0, 0.0, 0.0, 0.0, 0.0, 0.0, 0.0, 0.0, 0.0, 0.0, 0.0, 0.0, 0.0, 0.0, 0.0, 0.0, 0.0, 0.0, 0.0, 0.0, 0.0, 0.0, 0.0, 0.0, 0.0, 0.0, 0.0, 0.0, 0.0, 0.0, 0.0, 0.0, 0.0, 0.0, 0.0, 0.0, 0.0, 0.0, 0.0, 0.0, 0.0, 0.0, 0.0, 0.0, 0.0, 0.0, 0.0, 0.0, 0.0, 0.0, 0.0, 0.0, 0.0, 0.0, 0.0, 0.0, 0.0, 0.0, 0.0, 0.0, 0.0, 0.0, 0.0, 0.0, 0.0, 0.0, 0.0, 0.0, 0.0, 0.0, 0.0, 0.0, 0.0, 0.0, 0.0, 0.0];
Any[0.057185658543163126, 0.06286231783186591, 0.013762329395527738, 0.0024222441517039012, 0.0025384867404862617, 1.4505384978260368e-5, 0.00013444630532329674, 0.00013643078885634078, 2.1841900064392152e-8, 8.991046305471451e-6, 8.81375626903655e-6, 1.3648130234085206e-11, 2.4054484707770306e-7, 2.8524935341847533e-7, 0.0, 0.0, 0.0, 0.0, 0.0, 0.0, 0.0, 0.0, 0.0, 0.0, 0.0, 0.0, 0.0, 0.0, 0.0, 0.0, 0.0, 0.0, 0.0, 0.0, 0.0, 0.0, 0.0, 0.0, 0.0, 0.0, 0.0, 0.0, 0.0, 0.0, 0.0, 0.0, 0.0, 0.0, 0.0, 0.0, 0.0, 0.0, 0.0, 0.0, 0.0, 0.0, 0.0, 0.0, 0.0, 0.0, 0.0, 0.0, 0.0, 0.0, 0.0, 0.0, 0.0, 0.0, 0.0, 0.0, 0.0, 0.0, 0.0, 0.0, 0.0, 0.0, 0.0, 0.0, 0.0, 0.0, 0.0, 0.0, 0.0, 0.0, 0.0, 0.0, 0.0, 0.0, 0.0, 0.0, 0.0, 0.0, 0.0, 0.0, 0.0, 0.0, 0.0, 0.0, 0.0, 0.0, 0.0, 0.0, 0.0, 0.0, 0.0, 0.0, 0.0, 0.0, 0.0, 0.0, 0.0, 0.0, 0.0, 0.0, 0.0, 0.0, 0.0, 0.0, 0.0, 0.0, 0.0, 0.0, 0.0, 0.0, 0.0, 0.0, 0.0, 0.0, 0.0, 0.0, 0.0, 0.0, 0.0, 0.0, 0.0, 0.0, 0.0, 0.0, 0.0, 0.0, 0.0, 0.0, 0.0, 0.0, 0.0, 0.0, 0.0, 0.0, 0.0, 0.0, 0.0, 0.0, 0.0, 0.0, 0.0, 0.0, 0.0, 0.0, 0.0, 0.0, 0.0, 0.0, 0.0, 0.0, 0.0, 0.0, 0.0, 0.0, 0.0, 0.0, 0.0, 0.0, 0.0, 0.0, 0.0, 0.0, 0.0, 0.0, 0.0, 0.0, 0.0, 0.0, 0.0, 0.0, 0.0, 0.0, 0.0, 0.0, 0.0, 0.0, 0.0, 0.0, 0.0, 0.0, 0.0, 0.0, 0.0, 0.0, 0.0, 0.0, 0.0, 0.0, 0.0, 0.0, 0.0, 0.0, 0.0, 0.0, 0.0, 0.0, 0.0, 0.0, 0.0, 0.0, 0.0, 0.0, 0.0, 0.0, 0.0, 0.0, 0.0, 0.0, 0.0, 0.0, 0.0, 0.0, 0.0, 0.0, 0.0, 0.0, 0.0, 0.0, 0.0, 0.0, 0.0, 0.0, 0.0, 0.0, 0.0, 0.0, 0.0, 0.0, 0.0, 0.0, 0.0, 0.0, 0.0, 0.0, 0.0, 0.0, 0.0, 0.0, 0.0, 0.0, 0.0, 0.0, 0.0, 0.0, 0.0, 0.0, 0.0, 0.0, 0.0, 0.0, 0.0, 0.0, 0.0, 0.0, 0.0, 0.0, 0.0, 0.0, 0.0, 0.0, 0.0, 0.0, 0.0, 0.0, 0.0, 0.0, 0.0, 0.0, 0.0, 0.0, 0.0, 0.0, 0.0, 0.0, 0.0, 0.0, 0.0, 0.0, 0.0, 0.0, 0.0, 0.0, 0.0, 0.0, 0.0, 0.0];
Any[0.09588464997084405, 0.10541332064268298, 0.024571558514513734, 0.006788047013995927, 0.007156922822928821, 4.6210052131724745e-5, 0.0006291844456263365, 0.0006471499187603218, 1.2484718741514575e-7, 6.760707216932709e-5, 6.763524849987961e-5, 2.8572776896561907e-10, 7.184041274364349e-6, 7.458881162229014e-6, 0.0, 0.0, 0.0, 0.0, 0.0, 0.0, 0.0, 0.0, 0.0, 0.0, 0.0, 0.0, 0.0, 0.0, 0.0, 0.0, 0.0, 0.0, 0.0, 0.0, 0.0, 0.0, 0.0, 0.0, 0.0, 0.0, 0.0, 0.0, 0.0, 0.0, 0.0, 0.0, 0.0, 0.0, 0.0, 0.0, 0.0, 0.0, 0.0, 0.0, 0.0, 0.0, 0.0, 0.0, 0.0, 0.0, 0.0, 0.0, 0.0, 0.0, 0.0, 0.0, 0.0, 0.0, 0.0, 0.0, 0.0, 0.0, 0.0, 0.0, 0.0, 0.0, 0.0, 0.0, 0.0, 0.0, 0.0, 0.0, 0.0, 0.0, 0.0, 0.0, 0.0, 0.0, 0.0, 0.0, 0.0, 0.0, 0.0, 0.0, 0.0, 0.0, 0.0, 0.0, 0.0, 0.0, 0.0, 0.0, 0.0, 0.0, 0.0, 0.0, 0.0, 0.0, 0.0, 0.0, 0.0, 0.0, 0.0, 0.0, 0.0, 0.0, 0.0, 0.0, 0.0, 0.0, 0.0, 0.0, 0.0, 0.0, 0.0, 0.0, 0.0, 0.0, 0.0, 0.0, 0.0, 0.0, 0.0, 0.0, 0.0, 0.0, 0.0, 0.0, 0.0, 0.0, 0.0, 0.0, 0.0, 0.0, 0.0, 0.0, 0.0, 0.0, 0.0, 0.0, 0.0, 0.0, 0.0, 0.0, 0.0, 0.0, 0.0, 0.0, 0.0, 0.0, 0.0, 0.0, 0.0, 0.0, 0.0, 0.0, 0.0, 0.0, 0.0, 0.0, 0.0, 0.0, 0.0, 0.0, 0.0, 0.0, 0.0, 0.0, 0.0, 0.0, 0.0, 0.0, 0.0, 0.0, 0.0, 0.0, 0.0, 0.0, 0.0, 0.0, 0.0, 0.0, 0.0, 0.0, 0.0, 0.0, 0.0, 0.0, 0.0, 0.0, 0.0, 0.0, 0.0, 0.0, 0.0, 0.0, 0.0, 0.0, 0.0, 0.0, 0.0, 0.0, 0.0, 0.0, 0.0, 0.0, 0.0, 0.0, 0.0, 0.0, 0.0, 0.0, 0.0, 0.0, 0.0, 0.0, 0.0, 0.0, 0.0, 0.0, 0.0, 0.0, 0.0, 0.0, 0.0, 0.0, 0.0, 0.0, 0.0, 0.0, 0.0, 0.0, 0.0, 0.0, 0.0, 0.0, 0.0, 0.0, 0.0, 0.0, 0.0, 0.0, 0.0, 0.0, 0.0, 0.0, 0.0, 0.0, 0.0, 0.0, 0.0, 0.0, 0.0, 0.0, 0.0, 0.0, 0.0, 0.0, 0.0, 0.0, 0.0, 0.0, 0.0, 0.0, 0.0, 0.0, 0.0, 0.0, 0.0, 0.0, 0.0, 0.0, 0.0, 0.0, 0.0, 0.0, 0.0, 0.0, 0.0, 0.0, 0.0, 0.0, 0.0, 0.0, 0.0, 0.0, 0.0, 0.0, 0.0, 0.0];
Any[0.13964541225882035, 0.15297400013666768, 0.03845406967109673, 0.014344269491935163, 0.015114381318715413, 0.00011310367263594169, 0.0019336107369149593, 0.001995346306611391, 4.787045105159802e-7, 0.00028919459615858495, 0.0002937704819535417, 2.078703042882103e-9, 5.772445483089187e-5, 5.8440335749830346e-5, 0.0, 0.0, 0.0, 0.0, 0.0, 0.0, 0.0, 0.0, 0.0, 0.0, 0.0, 0.0, 0.0, 0.0, 0.0, 0.0, 0.0, 0.0, 0.0, 0.0, 0.0, 0.0, 0.0, 0.0, 0.0, 0.0, 0.0, 0.0, 0.0, 0.0, 0.0, 0.0, 0.0, 0.0, 0.0, 0.0, 0.0, 0.0, 0.0, 0.0, 0.0, 0.0, 0.0, 0.0, 0.0, 0.0, 0.0, 0.0, 0.0, 0.0, 0.0, 0.0, 0.0, 0.0, 0.0, 0.0, 0.0, 0.0, 0.0, 0.0, 0.0, 0.0, 0.0, 0.0, 0.0, 0.0, 0.0, 0.0, 0.0, 0.0, 0.0, 0.0, 0.0, 0.0, 0.0, 0.0, 0.0, 0.0, 0.0, 0.0, 0.0, 0.0, 0.0, 0.0, 0.0, 0.0, 0.0, 0.0, 0.0, 0.0, 0.0, 0.0, 0.0, 0.0, 0.0, 0.0, 0.0, 0.0, 0.0, 0.0, 0.0, 0.0, 0.0, 0.0, 0.0, 0.0, 0.0, 0.0, 0.0, 0.0, 0.0, 0.0, 0.0, 0.0, 0.0, 0.0, 0.0, 0.0, 0.0, 0.0, 0.0, 0.0, 0.0, 0.0, 0.0, 0.0, 0.0, 0.0, 0.0, 0.0, 0.0, 0.0, 0.0, 0.0, 0.0, 0.0, 0.0, 0.0, 0.0, 0.0, 0.0, 0.0, 0.0, 0.0, 0.0, 0.0, 0.0, 0.0, 0.0, 0.0, 0.0, 0.0, 0.0, 0.0, 0.0, 0.0, 0.0, 0.0, 0.0, 0.0, 0.0, 0.0, 0.0, 0.0, 0.0, 0.0, 0.0, 0.0, 0.0, 0.0, 0.0, 0.0, 0.0, 0.0, 0.0, 0.0, 0.0, 0.0, 0.0, 0.0, 0.0, 0.0, 0.0, 0.0, 0.0, 0.0, 0.0, 0.0, 0.0, 0.0, 0.0, 0.0, 0.0, 0.0, 0.0, 0.0, 0.0, 0.0, 0.0, 0.0, 0.0, 0.0, 0.0, 0.0, 0.0, 0.0, 0.0, 0.0, 0.0, 0.0, 0.0, 0.0, 0.0, 0.0, 0.0, 0.0, 0.0, 0.0, 0.0, 0.0, 0.0, 0.0, 0.0, 0.0, 0.0, 0.0, 0.0, 0.0, 0.0, 0.0, 0.0, 0.0, 0.0, 0.0, 0.0, 0.0, 0.0, 0.0, 0.0, 0.0, 0.0, 0.0, 0.0, 0.0, 0.0, 0.0, 0.0, 0.0, 0.0, 0.0, 0.0, 0.0, 0.0, 0.0, 0.0, 0.0, 0.0, 0.0, 0.0, 0.0, 0.0, 0.0, 0.0, 0.0, 0.0, 0.0, 0.0, 0.0, 0.0, 0.0, 0.0, 0.0, 0.0, 0.0, 0.0, 0.0, 0.0, 0.0, 0.0, 0.0, 0.0, 0.0, 0.0, 0.0, 0.0, 0.0];
Any[0.1857112424664272, 0.2023146768606169, 0.05537458798026587, 0.025273451483716604, 0.0265151042867218, 0.00023437702995060905, 0.004509499246493326, 0.0046419953154837506, 1.4281190622389156e-6, 0.0008956069765802837, 0.0009158550197233183, 9.550376263335137e-9, 0.0002308066407413971, 0.00022792766501888762, 1.7416067255525747e-11, 1.8622157084594537e-5, 2.328300984023098e-5, 0.0, 0.0, 0.0, 0.0, 0.0, 0.0, 0.0, 0.0, 0.0, 0.0, 0.0, 0.0, 0.0, 0.0, 0.0, 0.0, 0.0, 0.0, 0.0, 0.0, 0.0, 0.0, 0.0, 0.0, 0.0, 0.0, 0.0, 0.0, 0.0, 0.0, 0.0, 0.0, 0.0, 0.0, 0.0, 0.0, 0.0, 0.0, 0.0, 0.0, 0.0, 0.0, 0.0, 0.0, 0.0, 0.0, 0.0, 0.0, 0.0, 0.0, 0.0, 0.0, 0.0, 0.0, 0.0, 0.0, 0.0, 0.0, 0.0, 0.0, 0.0, 0.0, 0.0, 0.0, 0.0, 0.0, 0.0, 0.0, 0.0, 0.0, 0.0, 0.0, 0.0, 0.0, 0.0, 0.0, 0.0, 0.0, 0.0, 0.0, 0.0, 0.0, 0.0, 0.0, 0.0, 0.0, 0.0, 0.0, 0.0, 0.0, 0.0, 0.0, 0.0, 0.0, 0.0, 0.0, 0.0, 0.0, 0.0, 0.0, 0.0, 0.0, 0.0, 0.0, 0.0, 0.0, 0.0, 0.0, 0.0, 0.0, 0.0, 0.0, 0.0, 0.0, 0.0, 0.0, 0.0, 0.0, 0.0, 0.0, 0.0, 0.0, 0.0, 0.0, 0.0, 0.0, 0.0, 0.0, 0.0, 0.0, 0.0, 0.0, 0.0, 0.0, 0.0, 0.0, 0.0, 0.0, 0.0, 0.0, 0.0, 0.0, 0.0, 0.0, 0.0, 0.0, 0.0, 0.0, 0.0, 0.0, 0.0, 0.0, 0.0, 0.0, 0.0, 0.0, 0.0, 0.0, 0.0, 0.0, 0.0, 0.0, 0.0, 0.0, 0.0, 0.0, 0.0, 0.0, 0.0, 0.0, 0.0, 0.0, 0.0, 0.0, 0.0, 0.0, 0.0, 0.0, 0.0, 0.0, 0.0, 0.0, 0.0, 0.0, 0.0, 0.0, 0.0, 0.0, 0.0, 0.0, 0.0, 0.0, 0.0, 0.0, 0.0, 0.0, 0.0, 0.0, 0.0, 0.0, 0.0, 0.0, 0.0, 0.0, 0.0, 0.0, 0.0, 0.0, 0.0, 0.0, 0.0, 0.0, 0.0, 0.0, 0.0, 0.0, 0.0, 0.0, 0.0, 0.0, 0.0, 0.0, 0.0, 0.0, 0.0, 0.0, 0.0, 0.0, 0.0, 0.0, 0.0, 0.0, 0.0, 0.0, 0.0, 0.0, 0.0, 0.0, 0.0, 0.0, 0.0, 0.0, 0.0, 0.0, 0.0, 0.0, 0.0, 0.0, 0.0, 0.0, 0.0, 0.0, 0.0, 0.0, 0.0, 0.0, 0.0, 0.0, 0.0, 0.0, 0.0, 0.0, 0.0, 0.0, 0.0, 0.0, 0.0, 0.0, 0.0, 0.0, 0.0, 0.0, 0.0, 0.0, 0.0, 0.0, 0.0, 0.0, 0.0, 0.0, 0.0, 0.0, 0.0];
Any[0.23185100439148268, 0.2509426911063853, 0.07528946111752842, 0.03928659000116417, 0.040944370440871514, 0.0004329567587091551, 0.008628856264798064, 0.008836102828137871, 3.584269529113723e-6, 0.0022408528286227886, 0.002283346964636198, 3.345354422348537e-8, 0.0005949329035573094, 0.0005854002369580099, 1.869171359820466e-10, 0.00015731888382646898, 0.00017421323792113778, 0.0, 0.0, 0.0, 0.0, 0.0, 0.0, 0.0, 0.0, 0.0, 0.0, 0.0, 0.0, 0.0, 0.0, 0.0, 0.0, 0.0, 0.0, 0.0, 0.0, 0.0, 0.0, 0.0, 0.0, 0.0, 0.0, 0.0, 0.0, 0.0, 0.0, 0.0, 0.0, 0.0, 0.0, 0.0, 0.0, 0.0, 0.0, 0.0, 0.0, 0.0, 0.0, 0.0, 0.0, 0.0, 0.0, 0.0, 0.0, 0.0, 0.0, 0.0, 0.0, 0.0, 0.0, 0.0, 0.0, 0.0, 0.0, 0.0, 0.0, 0.0, 0.0, 0.0, 0.0, 0.0, 0.0, 0.0, 0.0, 0.0, 0.0, 0.0, 0.0, 0.0, 0.0, 0.0, 0.0, 0.0, 0.0, 0.0, 0.0, 0.0, 0.0, 0.0, 0.0, 0.0, 0.0, 0.0, 0.0, 0.0, 0.0, 0.0, 0.0, 0.0, 0.0, 0.0, 0.0, 0.0, 0.0, 0.0, 0.0, 0.0, 0.0, 0.0, 0.0, 0.0, 0.0, 0.0, 0.0, 0.0, 0.0, 0.0, 0.0, 0.0, 0.0, 0.0, 0.0, 0.0, 0.0, 0.0, 0.0, 0.0, 0.0, 0.0, 0.0, 0.0, 0.0, 0.0, 0.0, 0.0, 0.0, 0.0, 0.0, 0.0, 0.0, 0.0, 0.0, 0.0, 0.0, 0.0, 0.0, 0.0, 0.0, 0.0, 0.0, 0.0, 0.0, 0.0, 0.0, 0.0, 0.0, 0.0, 0.0, 0.0, 0.0, 0.0, 0.0, 0.0, 0.0, 0.0, 0.0, 0.0, 0.0, 0.0, 0.0, 0.0, 0.0, 0.0, 0.0, 0.0, 0.0, 0.0, 0.0, 0.0, 0.0, 0.0, 0.0, 0.0, 0.0, 0.0, 0.0, 0.0, 0.0, 0.0, 0.0, 0.0, 0.0, 0.0, 0.0, 0.0, 0.0, 0.0, 0.0, 0.0, 0.0, 0.0, 0.0, 0.0, 0.0, 0.0, 0.0, 0.0, 0.0, 0.0, 0.0, 0.0, 0.0, 0.0, 0.0, 0.0, 0.0, 0.0, 0.0, 0.0, 0.0, 0.0, 0.0, 0.0, 0.0, 0.0, 0.0, 0.0, 0.0, 0.0, 0.0, 0.0, 0.0, 0.0, 0.0, 0.0, 0.0, 0.0, 0.0, 0.0, 0.0, 0.0, 0.0, 0.0, 0.0, 0.0, 0.0, 0.0, 0.0, 0.0, 0.0, 0.0, 0.0, 0.0, 0.0, 0.0, 0.0, 0.0, 0.0, 0.0, 0.0, 0.0, 0.0, 0.0, 0.0, 0.0, 0.0, 0.0, 0.0, 0.0, 0.0, 0.0, 0.0, 0.0, 0.0, 0.0, 0.0, 0.0, 0.0, 0.0, 0.0, 0.0, 0.0, 0.0, 0.0, 0.0, 0.0, 0.0, 0.0, 0.0];
Any[0.2764393794163123, 0.29716864434479423, 0.09814708374216524, 0.05578844741389996, 0.057665536789546966, 0.000735176484627498, 0.014354751657529759, 0.014622851489162238, 7.92666483842329e-6, 0.0045641881460381705, 0.004579228067027441, 9.750830151393246e-8, 0.001369796014158617, 0.0013958050457320507, 9.75030047474374e-10, 0.0005587135968197188, 0.0005714001082741932, 0.0, 0.0, 0.0, 0.0, 0.0, 0.0, 0.0, 0.0, 0.0, 0.0, 0.0, 0.0, 0.0, 0.0, 0.0, 0.0, 0.0, 0.0, 0.0, 0.0, 0.0, 0.0, 0.0, 0.0, 0.0, 0.0, 0.0, 0.0, 0.0, 0.0, 0.0, 0.0, 0.0, 0.0, 0.0, 0.0, 0.0, 0.0, 0.0, 0.0, 0.0, 0.0, 0.0, 0.0, 0.0, 0.0, 0.0, 0.0, 0.0, 0.0, 0.0, 0.0, 0.0, 0.0, 0.0, 0.0, 0.0, 0.0, 0.0, 0.0, 0.0, 0.0, 0.0, 0.0, 0.0, 0.0, 0.0, 0.0, 0.0, 0.0, 0.0, 0.0, 0.0, 0.0, 0.0, 0.0, 0.0, 0.0, 0.0, 0.0, 0.0, 0.0, 0.0, 0.0, 0.0, 0.0, 0.0, 0.0, 0.0, 0.0, 0.0, 0.0, 0.0, 0.0, 0.0, 0.0, 0.0, 0.0, 0.0, 0.0, 0.0, 0.0, 0.0, 0.0, 0.0, 0.0, 0.0, 0.0, 0.0, 0.0, 0.0, 0.0, 0.0, 0.0, 0.0, 0.0, 0.0, 0.0, 0.0, 0.0, 0.0, 0.0, 0.0, 0.0, 0.0, 0.0, 0.0, 0.0, 0.0, 0.0, 0.0, 0.0, 0.0, 0.0, 0.0, 0.0, 0.0, 0.0, 0.0, 0.0, 0.0, 0.0, 0.0, 0.0, 0.0, 0.0, 0.0, 0.0, 0.0, 0.0, 0.0, 0.0, 0.0, 0.0, 0.0, 0.0, 0.0, 0.0, 0.0, 0.0, 0.0, 0.0, 0.0, 0.0, 0.0, 0.0, 0.0, 0.0, 0.0, 0.0, 0.0, 0.0, 0.0, 0.0, 0.0, 0.0, 0.0, 0.0, 0.0, 0.0, 0.0, 0.0, 0.0, 0.0, 0.0, 0.0, 0.0, 0.0, 0.0, 0.0, 0.0, 0.0, 0.0, 0.0, 0.0, 0.0, 0.0, 0.0, 0.0, 0.0, 0.0, 0.0, 0.0, 0.0, 0.0, 0.0, 0.0, 0.0, 0.0, 0.0, 0.0, 0.0, 0.0, 0.0, 0.0, 0.0, 0.0, 0.0, 0.0, 0.0, 0.0, 0.0, 0.0, 0.0, 0.0, 0.0, 0.0, 0.0, 0.0, 0.0, 0.0, 0.0, 0.0, 0.0, 0.0, 0.0, 0.0, 0.0, 0.0, 0.0, 0.0, 0.0, 0.0, 0.0, 0.0, 0.0, 0.0, 0.0, 0.0, 0.0, 0.0, 0.0, 0.0, 0.0, 0.0, 0.0, 0.0, 0.0, 0.0, 0.0, 0.0, 0.0, 0.0, 0.0, 0.0, 0.0, 0.0, 0.0, 0.0, 0.0, 0.0, 0.0, 0.0, 0.0, 0.0, 0.0, 0.0, 0.0, 0.0, 0.0, 0.0, 0.0, 0.0];
Any[0.31844431627346026, 0.34004041336357466, 0.12388860641188658, 0.07394321520213781, 0.07572495147791013, 0.0011704026247034457, 0.021815660666071632, 0.022099813512720924, 1.5911969748070024e-5, 0.00758156324910626, 0.007486194494046007, 2.4817864709202563e-7, 0.0032076953081823533, 0.00328583945229735, 3.627313161249497e-9, 0.001191955073362719, 0.0011665269456367716, 5.18041121191961e-12, 6.803513803646443e-5, 9.31744658024306e-5, 0.0, 0.0, 0.0, 0.0, 0.0, 0.0, 0.0, 0.0, 0.0, 0.0, 0.0, 0.0, 0.0, 0.0, 0.0, 0.0, 0.0, 0.0, 0.0, 0.0, 0.0, 0.0, 0.0, 0.0, 0.0, 0.0, 0.0, 0.0, 0.0, 0.0, 0.0, 0.0, 0.0, 0.0, 0.0, 0.0, 0.0, 0.0, 0.0, 0.0, 0.0, 0.0, 0.0, 0.0, 0.0, 0.0, 0.0, 0.0, 0.0, 0.0, 0.0, 0.0, 0.0, 0.0, 0.0, 0.0, 0.0, 0.0, 0.0, 0.0, 0.0, 0.0, 0.0, 0.0, 0.0, 0.0, 0.0, 0.0, 0.0, 0.0, 0.0, 0.0, 0.0, 0.0, 0.0, 0.0, 0.0, 0.0, 0.0, 0.0, 0.0, 0.0, 0.0, 0.0, 0.0, 0.0, 0.0, 0.0, 0.0, 0.0, 0.0, 0.0, 0.0, 0.0, 0.0, 0.0, 0.0, 0.0, 0.0, 0.0, 0.0, 0.0, 0.0, 0.0, 0.0, 0.0, 0.0, 0.0, 0.0, 0.0, 0.0, 0.0, 0.0, 0.0, 0.0, 0.0, 0.0, 0.0, 0.0, 0.0, 0.0, 0.0, 0.0, 0.0, 0.0, 0.0, 0.0, 0.0, 0.0, 0.0, 0.0, 0.0, 0.0, 0.0, 0.0, 0.0, 0.0, 0.0, 0.0, 0.0, 0.0, 0.0, 0.0, 0.0, 0.0, 0.0, 0.0, 0.0, 0.0, 0.0, 0.0, 0.0, 0.0, 0.0, 0.0, 0.0, 0.0, 0.0, 0.0, 0.0, 0.0, 0.0, 0.0, 0.0, 0.0, 0.0, 0.0, 0.0, 0.0, 0.0, 0.0, 0.0, 0.0, 0.0, 0.0, 0.0, 0.0, 0.0, 0.0, 0.0, 0.0, 0.0, 0.0, 0.0, 0.0, 0.0, 0.0, 0.0, 0.0, 0.0, 0.0, 0.0, 0.0, 0.0, 0.0, 0.0, 0.0, 0.0, 0.0, 0.0, 0.0, 0.0, 0.0, 0.0, 0.0, 0.0, 0.0, 0.0, 0.0, 0.0, 0.0, 0.0, 0.0, 0.0, 0.0, 0.0, 0.0, 0.0, 0.0, 0.0, 0.0, 0.0, 0.0, 0.0, 0.0, 0.0, 0.0, 0.0, 0.0, 0.0, 0.0, 0.0, 0.0, 0.0, 0.0, 0.0, 0.0, 0.0, 0.0, 0.0, 0.0, 0.0, 0.0, 0.0, 0.0, 0.0, 0.0, 0.0, 0.0, 0.0, 0.0, 0.0, 0.0, 0.0, 0.0, 0.0, 0.0, 0.0, 0.0, 0.0, 0.0, 0.0, 0.0, 0.0, 0.0, 0.0, 0.0, 0.0, 0.0, 0.0, 0.0, 0.0, 0.0, 0.0, 0.0, 0.0, 0.0, 0.0, 0.0, 0.0];
Any[0.3573415692440396, 0.3791768765113305, 0.15244874124044078, 0.09283440347968143, 0.09419263039731596, 0.0017706193304378173, 0.03103571926449269, 0.031137055760898723, 2.958694717461313e-5, 0.011055247893584334, 0.010901719182605553, 5.686689463719605e-7, 0.0064047496789310905, 0.00635564843016281, 1.096825048127517e-8, 0.0018741146777855003, 0.0018237704573356923, 8.41008336861195e-11, 0.0006498388782932184, 0.0007476496778463018, 0.0, 0.0, 0.0, 0.0, 0.0, 0.0, 0.0, 0.0, 0.0, 0.0, 0.0, 0.0, 0.0, 0.0, 0.0, 0.0, 0.0, 0.0, 0.0, 0.0, 0.0, 0.0, 0.0, 0.0, 0.0, 0.0, 0.0, 0.0, 0.0, 0.0, 0.0, 0.0, 0.0, 0.0, 0.0, 0.0, 0.0, 0.0, 0.0, 0.0, 0.0, 0.0, 0.0, 0.0, 0.0, 0.0, 0.0, 0.0, 0.0, 0.0, 0.0, 0.0, 0.0, 0.0, 0.0, 0.0, 0.0, 0.0, 0.0, 0.0, 0.0, 0.0, 0.0, 0.0, 0.0, 0.0, 0.0, 0.0, 0.0, 0.0, 0.0, 0.0, 0.0, 0.0, 0.0, 0.0, 0.0, 0.0, 0.0, 0.0, 0.0, 0.0, 0.0, 0.0, 0.0, 0.0, 0.0, 0.0, 0.0, 0.0, 0.0, 0.0, 0.0, 0.0, 0.0, 0.0, 0.0, 0.0, 0.0, 0.0, 0.0, 0.0, 0.0, 0.0, 0.0, 0.0, 0.0, 0.0, 0.0, 0.0, 0.0, 0.0, 0.0, 0.0, 0.0, 0.0, 0.0, 0.0, 0.0, 0.0, 0.0, 0.0, 0.0, 0.0, 0.0, 0.0, 0.0, 0.0, 0.0, 0.0, 0.0, 0.0, 0.0, 0.0, 0.0, 0.0, 0.0, 0.0, 0.0, 0.0, 0.0, 0.0, 0.0, 0.0, 0.0, 0.0, 0.0, 0.0, 0.0, 0.0, 0.0, 0.0, 0.0, 0.0, 0.0, 0.0, 0.0, 0.0, 0.0, 0.0, 0.0, 0.0, 0.0, 0.0, 0.0, 0.0, 0.0, 0.0, 0.0, 0.0, 0.0, 0.0, 0.0, 0.0, 0.0, 0.0, 0.0, 0.0, 0.0, 0.0, 0.0, 0.0, 0.0, 0.0, 0.0, 0.0, 0.0, 0.0, 0.0, 0.0, 0.0, 0.0, 0.0, 0.0, 0.0, 0.0, 0.0, 0.0, 0.0, 0.0, 0.0, 0.0, 0.0, 0.0, 0.0, 0.0, 0.0, 0.0, 0.0, 0.0, 0.0, 0.0, 0.0, 0.0, 0.0, 0.0, 0.0, 0.0, 0.0, 0.0, 0.0, 0.0, 0.0, 0.0, 0.0, 0.0, 0.0, 0.0, 0.0, 0.0, 0.0, 0.0, 0.0, 0.0, 0.0, 0.0, 0.0, 0.0, 0.0, 0.0, 0.0, 0.0, 0.0, 0.0, 0.0, 0.0, 0.0, 0.0, 0.0, 0.0, 0.0, 0.0, 0.0, 0.0, 0.0, 0.0, 0.0, 0.0, 0.0, 0.0, 0.0, 0.0, 0.0, 0.0, 0.0, 0.0, 0.0, 0.0, 0.0, 0.0, 0.0, 0.0, 0.0, 0.0, 0.0, 0.0, 0.0, 0.0, 0.0, 0.0];
Any[0.39291472296687235, 0.4144994940185161, 0.18375687138121033, 0.11195616095869206, 0.11266325310956038, 0.0025699860165213782, 0.04100906997392351, 0.040529577305517324, 5.169871422519371e-5, 0.01626142537591247, 0.016216858949646112, 1.1977428204304487e-6, 0.009318177869098616, 0.008826194036015837, 2.884946530270409e-8, 0.004041973205011207, 0.004162979897525038, 4.3315798324390983e-10, 0.0015309545816864915, 0.0015992478438081378, 2.332762045101484e-26, 1.9805935749730897e-21, 1.0971678479042036e-21, 0.0, 1.1594860362927376e-22, 6.521099243224508e-23, 0.0, 2.8226148234805674e-24, 1.6221420311245285e-24, 0.0, 2.642931488781245e-26, 1.0564171940631765e-26, 0.0, 0.0, 0.0, 0.0, 0.0, 0.0, 0.0, 0.0, 0.0, 0.0, 0.0, 0.0, 0.0, 0.0, 0.0, 0.0, 0.0, 0.0, 0.0, 0.0, 0.0, 0.0, 0.0, 0.0, 0.0, 0.0, 0.0, 0.0, 0.0, 0.0, 0.0, 0.0, 0.0, 0.0, 0.0, 0.0, 0.0, 0.0, 0.0, 0.0, 0.0, 0.0, 0.0, 0.0, 0.0, 0.0, 0.0, 0.0, 0.0, 0.0, 0.0, 0.0, 0.0, 0.0, 0.0, 0.0, 0.0, 0.0, 0.0, 0.0, 0.0, 0.0, 0.0, 0.0, 0.0, 0.0, 0.0, 0.0, 0.0, 0.0, 0.0, 0.0, 0.0, 0.0, 0.0, 0.0, 0.0, 0.0, 0.0, 0.0, 0.0, 0.0, 0.0, 0.0, 0.0, 0.0, 0.0, 0.0, 0.0, 0.0, 0.0, 0.0, 0.0, 0.0, 0.0, 0.0, 0.0, 0.0, 0.0, 0.0, 0.0, 0.0, 0.0, 0.0, 0.0, 0.0, 0.0, 0.0, 0.0, 0.0, 0.0, 0.0, 0.0, 0.0, 0.0, 0.0, 0.0, 0.0, 0.0, 0.0, 0.0, 0.0, 0.0, 0.0, 0.0, 0.0, 0.0, 0.0, 0.0, 0.0, 0.0, 0.0, 0.0, 0.0, 0.0, 0.0, 0.0, 0.0, 0.0, 0.0, 0.0, 0.0, 0.0, 0.0, 0.0, 0.0, 0.0, 0.0, 0.0, 0.0, 0.0, 0.0, 0.0, 0.0, 0.0, 0.0, 0.0, 0.0, 0.0, 0.0, 0.0, 0.0, 0.0, 0.0, 0.0, 0.0, 0.0, 0.0, 0.0, 0.0, 0.0, 0.0, 0.0, 0.0, 0.0, 0.0, 0.0, 0.0, 0.0, 0.0, 0.0, 0.0, 0.0, 0.0, 0.0, 0.0, 0.0, 0.0, 0.0, 0.0, 0.0, 0.0, 0.0, 0.0, 0.0, 0.0, 0.0, 0.0, 0.0, 0.0, 0.0, 0.0, 0.0, 0.0, 0.0, 0.0, 0.0, 0.0, 0.0, 0.0, 0.0, 0.0, 0.0, 0.0, 0.0, 0.0, 0.0, 0.0, 0.0, 0.0, 0.0, 0.0, 0.0, 0.0, 0.0, 0.0, 0.0, 0.0, 0.0, 0.0, 0.0, 0.0, 0.0, 0.0, 0.0, 0.0, 0.0, 0.0, 0.0, 0.0, 0.0, 0.0, 0.0, 0.0, 0.0, 0.0, 0.0, 0.0, 0.0, 0.0, 0.0, 0.0, 0.0, 0.0, 0.0, 0.0, 0.0, 0.0, 0.0, 0.0, 0.0, 0.0, 0.0, 0.0, 0.0, 0.0, 0.0, 0.0];
Any[0.4250846786596433, 0.4460707059205932, 0.2177382844743581, 0.13129506374168246, 0.1311303751217654, 0.0036043805959211947, 0.050285522715317346, 0.049028377914087214, 8.579886781543469e-5, 0.024121744123196228, 0.02385509351775, 2.353573577406797e-6, 0.01145100696600621, 0.01077242289023142, 6.836330928468404e-8, 0.007960744188288741, 0.008043675677151273, 1.5705018724193132e-9, 0.0028708656551183587, 0.0028753640382393596, 1.6268972647023905e-13, 9.22113763258948e-6, 1.3969147311632688e-5, 0.0, 1.5765238995370535e-21, 1.383420490026488e-22, 0.0, 9.042381133515428e-23, 3.1303990781040734e-23, 0.0, 4.699096320599396e-23, 1.31350998207721e-23, 0.0, 4.874384961831209e-24, 1.4092507008505486e-24, 0.0, 1.8368457754078423e-25, 2.9017645019051715e-26, 0.0, 0.0, 0.0, 0.0, 0.0, 0.0, 0.0, 0.0, 0.0, 0.0, 0.0, 0.0, 0.0, 0.0, 0.0, 0.0, 0.0, 0.0, 0.0, 0.0, 0.0, 0.0, 0.0, 0.0, 0.0, 0.0, 0.0, 0.0, 0.0, 0.0, 0.0, 0.0, 0.0, 0.0, 0.0, 0.0, 0.0, 0.0, 0.0, 0.0, 0.0, 0.0, 0.0, 0.0, 0.0, 0.0, 0.0, 0.0, 0.0, 0.0, 0.0, 0.0, 0.0, 0.0, 0.0, 0.0, 0.0, 0.0, 0.0, 0.0, 0.0, 0.0, 0.0, 0.0, 0.0, 0.0, 0.0, 0.0, 0.0, 0.0, 0.0, 0.0, 0.0, 0.0, 0.0, 0.0, 0.0, 0.0, 0.0, 0.0, 0.0, 0.0, 0.0, 0.0, 0.0, 0.0, 0.0, 0.0, 0.0, 0.0, 0.0, 0.0, 0.0, 0.0, 0.0, 0.0, 0.0, 0.0, 0.0, 0.0, 0.0, 0.0, 0.0, 0.0, 0.0, 0.0, 0.0, 0.0, 0.0, 0.0, 0.0, 0.0, 0.0, 0.0, 0.0, 0.0, 0.0, 0.0, 0.0, 0.0, 0.0, 0.0, 0.0, 0.0, 0.0, 0.0, 0.0, 0.0, 0.0, 0.0, 0.0, 0.0, 0.0, 0.0, 0.0, 0.0, 0.0, 0.0, 0.0, 0.0, 0.0, 0.0, 0.0, 0.0, 0.0, 0.0, 0.0, 0.0, 0.0, 0.0, 0.0, 0.0, 0.0, 0.0, 0.0, 0.0, 0.0, 0.0, 0.0, 0.0, 0.0, 0.0, 0.0, 0.0, 0.0, 0.0, 0.0, 0.0, 0.0, 0.0, 0.0, 0.0, 0.0, 0.0, 0.0, 0.0, 0.0, 0.0, 0.0, 0.0, 0.0, 0.0, 0.0, 0.0, 0.0, 0.0, 0.0, 0.0, 0.0, 0.0, 0.0, 0.0, 0.0, 0.0, 0.0, 0.0, 0.0, 0.0, 0.0, 0.0, 0.0, 0.0, 0.0, 0.0, 0.0, 0.0, 0.0, 0.0, 0.0, 0.0, 0.0, 0.0, 0.0, 0.0, 0.0, 0.0, 0.0, 0.0, 0.0, 0.0, 0.0, 0.0, 0.0, 0.0, 0.0, 0.0, 0.0, 0.0, 0.0, 0.0, 0.0, 0.0, 0.0, 0.0, 0.0, 0.0, 0.0, 0.0, 0.0, 0.0, 0.0, 0.0, 0.0, 0.0, 0.0, 0.0, 0.0, 0.0, 0.0, 0.0, 0.0, 0.0, 0.0, 0.0, 0.0, 0.0, 0.0, 0.0, 0.0, 0.0, 0.0, 0.0];
Any[0.4540013146152039, 0.4742226617055007, 0.2543139784828275, 0.1503436678368745, 0.14888621378289077, 0.00491090716463685, 0.059616988590819056, 0.05792166626416052, 0.00013633669980033162, 0.03156476327571447, 0.03017784678560076, 4.362881710896095e-6, 0.016266602323152194, 0.015974429818387998, 1.49253451678668e-7, 0.012009498667591257, 0.011614228256069508, 4.588682017449291e-9, 0.0037120653835562003, 0.003587324757000474, 3.301264365244561e-11, 0.0013025569613929928, 0.0014228033647325643, 3.0343872533262505e-26, 9.20195307194668e-18, 8.513354294209316e-18, 0.0, 3.0923799207672574e-19, 1.5231367509994706e-19, 0.0, 5.938925894317684e-21, 1.1819873750705242e-21, 0.0, 4.671306100145586e-23, 1.621128661766838e-23, 0.0, 5.506721017763159e-24, 3.5825922003067874e-24, 0.0, 1.7207271799294667e-24, 4.254216791480216e-25, 0.0, 9.528138967960964e-26, 5.759768329283142e-28, 0.0, 0.0, 0.0, 0.0, 0.0, 0.0, 0.0, 0.0, 0.0, 0.0, 0.0, 0.0, 0.0, 0.0, 0.0, 0.0, 0.0, 0.0, 0.0, 0.0, 0.0, 0.0, 0.0, 0.0, 0.0, 0.0, 0.0, 0.0, 0.0, 0.0, 0.0, 0.0, 0.0, 0.0, 0.0, 0.0, 0.0, 0.0, 0.0, 0.0, 0.0, 0.0, 0.0, 0.0, 0.0, 0.0, 0.0, 0.0, 0.0, 0.0, 0.0, 0.0, 0.0, 0.0, 0.0, 0.0, 0.0, 0.0, 0.0, 0.0, 0.0, 0.0, 0.0, 0.0, 0.0, 0.0, 0.0, 0.0, 0.0, 0.0, 0.0, 0.0, 0.0, 0.0, 0.0, 0.0, 0.0, 0.0, 0.0, 0.0, 0.0, 0.0, 0.0, 0.0, 0.0, 0.0, 0.0, 0.0, 0.0, 0.0, 0.0, 0.0, 0.0, 0.0, 0.0, 0.0, 0.0, 0.0, 0.0, 0.0, 0.0, 0.0, 0.0, 0.0, 0.0, 0.0, 0.0, 0.0, 0.0, 0.0, 0.0, 0.0, 0.0, 0.0, 0.0, 0.0, 0.0, 0.0, 0.0, 0.0, 0.0, 0.0, 0.0, 0.0, 0.0, 0.0, 0.0, 0.0, 0.0, 0.0, 0.0, 0.0, 0.0, 0.0, 0.0, 0.0, 0.0, 0.0, 0.0, 0.0, 0.0, 0.0, 0.0, 0.0, 0.0, 0.0, 0.0, 0.0, 0.0, 0.0, 0.0, 0.0, 0.0, 0.0, 0.0, 0.0, 0.0, 0.0, 0.0, 0.0, 0.0, 0.0, 0.0, 0.0, 0.0, 0.0, 0.0, 0.0, 0.0, 0.0, 0.0, 0.0, 0.0, 0.0, 0.0, 0.0, 0.0, 0.0, 0.0, 0.0, 0.0, 0.0, 0.0, 0.0, 0.0, 0.0, 0.0, 0.0, 0.0, 0.0, 0.0, 0.0, 0.0, 0.0, 0.0, 0.0, 0.0, 0.0, 0.0, 0.0, 0.0, 0.0, 0.0, 0.0, 0.0, 0.0, 0.0, 0.0, 0.0, 0.0, 0.0, 0.0, 0.0, 0.0, 0.0, 0.0, 0.0, 0.0, 0.0, 0.0, 0.0, 0.0, 0.0, 0.0, 0.0, 0.0, 0.0, 0.0, 0.0, 0.0, 0.0, 0.0, 0.0, 0.0, 0.0, 0.0, 0.0, 0.0, 0.0, 0.0, 0.0, 0.0, 0.0, 0.0, 0.0, 0.0, 0.0, 0.0, 0.0, 0.0, 0.0, 0.0, 0.0, 0.0, 0.0, 0.0];
Any[0.4801565118933199, 0.49958872617061045, 0.2934025699377824, 0.16778200477977329, 0.1646108045734351, 0.0065274364861153174, 0.07122082200914423, 0.06921960247742465, 0.00020873743893056506, 0.035301117910543356, 0.032754259100472506, 7.695083234912786e-6, 0.02580206942773924, 0.025317146578068456, 3.0477647134975453e-7, 0.014024273115424, 0.013289158867930554, 1.1644781471973098e-8, 0.00678151558718631, 0.006609089466950125, 2.0569164230778615e-10, 0.002827697522486165, 0.002927715774811758, 1.1838244184946964e-23, 9.554507491161636e-18, 9.114317023624108e-17, 0.0, 9.753430652892666e-18, 2.2886427492699246e-17, 0.0, 2.3773007050839607e-18, 2.881280786573638e-18, 0.0, 2.708567697386485e-19, 2.0859302540852602e-19, 0.0, 1.7926394569545563e-20, 9.714229865781488e-21, 0.0, 7.252615480728444e-22, 3.213608422780198e-22, 0.0, 1.613724031896792e-23, 9.008815067625456e-24, 0.0, 3.290482885556632e-25, 2.1420776232269447e-25, 0.0, 0.0, 0.0, 0.0, 0.0, 0.0, 0.0, 0.0, 0.0, 0.0, 0.0, 0.0, 0.0, 0.0, 0.0, 0.0, 0.0, 0.0, 0.0, 0.0, 0.0, 0.0, 0.0, 0.0, 0.0, 0.0, 0.0, 0.0, 0.0, 0.0, 0.0, 0.0, 0.0, 0.0, 0.0, 0.0, 0.0, 0.0, 0.0, 0.0, 0.0, 0.0, 0.0, 0.0, 0.0, 0.0, 0.0, 0.0, 0.0, 0.0, 0.0, 0.0, 0.0, 0.0, 0.0, 0.0, 0.0, 0.0, 0.0, 0.0, 0.0, 0.0, 0.0, 0.0, 0.0, 0.0, 0.0, 0.0, 0.0, 0.0, 0.0, 0.0, 0.0, 0.0, 0.0, 0.0, 0.0, 0.0, 0.0, 0.0, 0.0, 0.0, 0.0, 0.0, 0.0, 0.0, 0.0, 0.0, 0.0, 0.0, 0.0, 0.0, 0.0, 0.0, 0.0, 0.0, 0.0, 0.0, 0.0, 0.0, 0.0, 0.0, 0.0, 0.0, 0.0, 0.0, 0.0, 0.0, 0.0, 0.0, 0.0, 0.0, 0.0, 0.0, 0.0, 0.0, 0.0, 0.0, 0.0, 0.0, 0.0, 0.0, 0.0, 0.0, 0.0, 0.0, 0.0, 0.0, 0.0, 0.0, 0.0, 0.0, 0.0, 0.0, 0.0, 0.0, 0.0, 0.0, 0.0, 0.0, 0.0, 0.0, 0.0, 0.0, 0.0, 0.0, 0.0, 0.0, 0.0, 0.0, 0.0, 0.0, 0.0, 0.0, 0.0, 0.0, 0.0, 0.0, 0.0, 0.0, 0.0, 0.0, 0.0, 0.0, 0.0, 0.0, 0.0, 0.0, 0.0, 0.0, 0.0, 0.0, 0.0, 0.0, 0.0, 0.0, 0.0, 0.0, 0.0, 0.0, 0.0, 0.0, 0.0, 0.0, 0.0, 0.0, 0.0, 0.0, 0.0, 0.0, 0.0, 0.0, 0.0, 0.0, 0.0, 0.0, 0.0, 0.0, 0.0, 0.0, 0.0, 0.0, 0.0, 0.0, 0.0, 0.0, 0.0, 0.0, 0.0, 0.0, 0.0, 0.0, 0.0, 0.0, 0.0, 0.0, 0.0, 0.0, 0.0, 0.0, 0.0, 0.0, 0.0, 0.0, 0.0, 0.0, 0.0, 0.0, 0.0, 0.0, 0.0, 0.0, 0.0, 0.0, 0.0, 0.0, 0.0, 0.0, 0.0, 0.0, 0.0, 0.0, 0.0, 0.0, 0.0, 0.0, 0.0, 0.0, 0.0, 0.0, 0.0, 0.0, 0.0];
Any[0.5040669425665033, 0.5226533265494634, 0.3349203676538923, 0.18320250160929624, 0.17840126776778834, 0.00849212841960851, 0.08369413175663229, 0.08047268433328075, 0.000309463136147833, 0.03969624973706407, 0.03724806869701905, 1.300086876555351e-5, 0.03326926673592761, 0.03135008486508587, 5.883153874098616e-7, 0.01787634736102166, 0.017010220837279995, 2.6712402811151715e-8, 0.012374183330261666, 0.012225633810189915, 7.904001773414387e-10, 0.00390614264329408, 0.0038212987283477414, 7.538762279784069e-23, 7.127155775541812e-18, 1.3706383280700904e-16, 5.181993300824036e-25, 2.0914783754539467e-18, 1.1042458187772606e-16, 1.4873087173659555e-27, 7.76183541836774e-18, 4.379082915864314e-17, 2.1712943981114287e-30, 4.3188345407059174e-18, 9.946359570112464e-18, 1.8732485900147354e-33, 1.0945994112034669e-18, 1.4443799534934165e-18, 1.0604988526874266e-36, 1.6520713217600636e-19, 1.4490778006405782e-19, 4.240308672651097e-40, 1.664567888240714e-20, 1.0633395624890421e-20, 1.4344876987424249e-43, 1.1784879622264769e-21, 5.991356608415489e-22, 6.40766784536341e-42, 6.018064200971151e-23, 2.6362791026112825e-23, 1.2352608997346572e-38, 2.261356048468405e-24, 8.959413221384384e-25, 1.5352499651815793e-35, 6.387197679518515e-26, 2.3167470903218477e-26, 1.0797391166698374e-32, 1.3624377032723184e-27, 4.543653107659349e-28, 3.388042665049302e-30, 2.1794047462542125e-29, 6.825039072870857e-30, 3.3842719087823866e-30, 7.742767783045854e-31, 7.991854600288022e-32, 3.273858918354868e-30, 9.416273546007731e-32, 7.447967300916749e-34, 6.205406137887367e-35, 3.271631308927962e-32, 5.641016152318145e-36, 3.1326090860241224e-30, 1.1020124592422477e-31, 3.54125992405116e-38, 3.04280839377233e-30, 2.041943030984216e-31, 1.8759829960333296e-40, 3.823409220082528e-32, 1.4814701725684674e-31, 8.52222966279324e-43, 2.918746230082126e-30, 9.815243723333529e-32, 3.367772956274709e-45, 9.31904607402505e-33, 1.0468446421120732e-31, 1.1725879407566753e-47, 8.755799757355707e-33, 5.991116179112728e-33, 3.6385374432718247e-50, 2.7259805328400654e-30, 2.7203617867463895e-32, 1.0199240338247046e-52, 2.688023304609534e-30, 1.5531156598937772e-32, 4.692900274221404e-56, 2.5989070508876408e-30, 1.763829132549035e-32, 3.431958329788387e-57, 8.306299071773958e-33, 1.2288407036904852e-33, 5.2039918585932265e-56, 4.5013756254601084e-35, 6.0527274055816216e-33, 1.0143560886434038e-56, 7.495509799140577e-33, 1.5563883561657384e-32, 1.9269023279196909e-56, 2.3486299229539507e-30, 1.1889898377401783e-31, 1.6022931880262418e-55, 2.9282263864692693e-32, 4.129625684711179e-32, 8.712256099736815e-57, 2.2187845489029546e-30, 2.4384507413387388e-32, 5.837394115378065e-56, 2.156131009048168e-30, 1.6373139954934688e-32, 5.114131064874884e-58, 2.6842894962407873e-32, 6.634079058104593e-32, 6.269155288202065e-56, 2.031070493009505e-30, 1.1873456810034487e-32, 5.175479823718476e-56, 6.527398849200368e-33, 3.0602190545401213e-33, 2.022752744177691e-56, 5.914396508240386e-33, 4.755797616235859e-32, 8.845582994012611e-56, 1.8545408906575426e-30, 2.9143916658824737e-31, 3.912872406106244e-56, 1.7923934724670783e-30, 1.0406655221273051e-32, 6.12782713203951e-56, 1.7295483067060302e-30, 2.0015340245001582e-31, 3.810202035059721e-56, 1.6636163389849483e-30, 1.3369148583462e-31, 6.0745491989241965e-56, 5.303686246399593e-33, 2.2882511596466347e-32, 4.397106905758546e-56, 7.531024086348503e-36, 4.0003301498117637e-35, 6.407546542303477e-56, 6.049225077830899e-39, 9.705695918179545e-35, 7.590837182302171e-56, 3.1373436801182744e-42, 1.046988513675038e-35, 1.0774183525361843e-55, 1.1433853401818745e-45, 4.61991441983318e-37, 1.1909139868512996e-55, 3.1046989158659897e-49, 1.1756344097466505e-38, 3.3005453094917535e-56, 5.766850308972401e-53, 1.995397779369929e-40, 3.8129365153511897e-56, 1.65296409361134e-55, 2.4550161714613253e-42, 3.2821017584062057e-56, 3.834923020937718e-58, 2.3138476398246383e-44, 7.966317261428397e-58, 8.479600313251452e-59, 1.7386237529217204e-46, 2.7685141873489623e-56, 1.2883734808524576e-58, 1.073909473637368e-48, 6.064834879909239e-56, 2.4150573241165398e-58, 5.567853466836751e-51, 7.818566630683962e-56, 2.1660068302493597e-59, 2.5607066190599247e-53, 6.548081382624578e-56, 3.564889224407517e-60, 8.633829237472832e-56, 4.7541785786301085e-56, 1.8521224737347041e-59, 2.6125774742130085e-56, 5.023010096056127e-56, 1.968042386973027e-58, 6.053495342231277e-56, 1.132691006109944e-55, 6.278318938908505e-59, 1.9661253435073335e-56, 6.979012937640273e-56, 8.055310981551325e-61, 3.561998142611125e-57, 1.7190307613438224e-55, 5.017835710527057e-59, 1.0980726640023659e-56, 4.038228920070518e-56, 5.875632865990452e-60, 2.251917131630119e-56, 7.1367599160156075e-56, 1.509628031811974e-59, 4.385199996951224e-56, 5.162574064326147e-56, 1.4294290765717975e-58, 1.7075896200125897e-56, 1.2877576994565854e-56, 5.6728814487485205e-59, 1.3632445539487012e-54, 3.3398396169464533e-54, 2.598868948528405e-59, 2.2789258897183483e-52, 9.5846054348304e-52, 3.222649021165948e-60, 5.281847212118122e-50, 2.0816539243770164e-49, 4.162949862186384e-60, 1.0256516428837617e-47, 3.7902478768334053e-47, 2.178662486945186e-57, 1.6821846449687767e-45, 5.700812870694086e-45, 6.211194634760686e-55, 2.278219189031119e-43, 6.8828093136342014e-43, 2.7620075168479027e-52, 2.4772212202296596e-41, 6.437493604836857e-41, 1.09055825239066e-48, 2.087174190736029e-39, 4.4521260145465485e-39, 2.991771721151491e-45, 1.3006617829930188e-37, 2.136178542926838e-37, 5.765599223137297e-42, 5.623391052372507e-36, 6.483392702212088e-36, 7.171201866317771e-39, 1.5353812492853338e-34, 1.0801125403296117e-34, 5.040500527015752e-36, 2.2734060919485982e-33, 8.14370539606013e-34, 1.5732559143778927e-33, 1.3829635733502364e-32, 1.550499996788095e-33, 1.4550341499505677e-33, 3.4720498513960245e-33, 1.9830139616518602e-33, 2.703321677068039e-33, 1.9265317512608472e-33, 9.21107838013836e-34, 4.518711189827105e-34, 1.3916413705227527e-32, 1.0265441796852863e-33, 1.9831049786007286e-33, 2.27320800371861e-32, 1.5662070313885406e-33, 9.913276604065627e-35, 3.9320272253476527e-32, 4.859191914070249e-34, 3.2991316243387906e-34, 1.240108212558596e-33, 3.670968236151498e-33, 1.390209529013921e-34, 1.6577140184901393e-32, 1.6690883927262124e-33, 3.258454481978442e-33, 1.1899382545753725e-33, 1.6610114549197584e-34, 1.4278132467921618e-33, 6.476187847495209e-33, 4.951792784761069e-35, 1.095396064757027e-33, 5.2119705495762286e-33, 8.837839136393697e-35, 1.9022185393988774e-33, 6.433926156835358e-33, 6.999650156896326e-35, 1.4601539031913623e-33, 5.356152016169298e-32, 8.023568146938234e-34, 2.093348682901752e-34, 9.562191561097694e-33, 4.425312318583185e-34, 2.4014976005869246e-34, 9.416370042641676e-33, 4.91917927561387e-34, 5.832651847588434e-34, 5.904198269722146e-33, 1.2316790517671962e-33, 3.646683567894374e-35, 6.049048097215323e-33, 2.147082996408817e-33, 1.1584848890711223e-33, 8.63273377856229e-34, 3.310793918111935e-34, 3.7114462575746934e-36];
Any[0.5258915910460258, 0.5434602942241187, 0.37878082073440783, 0.19797110062201514, 0.1919906483464789, 0.010842948317148797, 0.09233654075521817, 0.0869223392138628, 0.0004460514761480826, 0.05137395226500397, 0.04940638732245829, 2.1154079143055043e-5, 0.03291266687958402, 0.029892354178922664, 1.0820104065681578e-6, 0.02732541493418529, 0.025818962680684166, 5.674164728913802e-8, 0.017809259299896983, 0.017272193679768903, 2.3732053351455572e-9, 0.005597679660010362, 0.005534141042925342, 3.2298024786745246e-22, 2.2952301381158714e-17, 5.2564358614632783e-17, 5.556783994908034e-24, 1.2434475941385737e-17, 1.1320567112086503e-16, 4.8661995484514676e-26, 4.860118784887359e-19, 1.2012981964738588e-16, 2.45051537301595e-28, 4.515495230812869e-18, 6.604850862295317e-17, 7.80772545475119e-31, 5.069033751533257e-18, 2.1897114497587497e-17, 1.6953878557901062e-33, 2.250826798508737e-18, 4.8490548924330766e-18, 2.6538256161850103e-36, 5.80749584582189e-19, 7.681531885954321e-19, 3.312062300056373e-39, 1.007547215401052e-19, 9.144786408130697e-20, 1.0725049379756309e-38, 1.2665128868763515e-20, 8.487934844929046e-21, 4.734736552825189e-36, 1.205783450672728e-21, 6.309187652065687e-22, 1.324132535448513e-33, 8.955634138979438e-23, 3.825932767188991e-23, 2.0827735723269288e-31, 5.305924048693753e-24, 1.9162124334995283e-24, 1.4617231172883829e-29, 2.5513308033698134e-25, 7.993504085394993e-26, 1.5501767095496163e-29, 1.0049685831907718e-26, 2.7953739666107704e-27, 1.432126769577699e-29, 3.2426590783056693e-28, 8.244570607801322e-29, 5.074404232521849e-33, 1.1675472074938099e-29, 2.063745421828446e-30, 1.3510460019844514e-29, 7.0517286701164665e-31, 4.4142195701765413e-32, 1.2739288622692917e-29, 5.839913561359195e-31, 8.126294379852992e-34, 7.347376999037735e-31, 7.449475047247421e-31, 1.2971760557799566e-35, 1.2265673330057358e-29, 5.759179537419037e-31, 1.808865720252521e-37, 1.7665081983205434e-31, 1.4999411047235218e-31, 2.219635729322646e-39, 1.68959044930129e-31, 5.155253207232959e-32, 2.413653445883337e-41, 1.141154688061477e-29, 8.563212437256525e-32, 2.341467914491862e-43, 1.1631638187658013e-29, 5.376667328185912e-33, 2.0391776087128894e-45, 1.087391908843342e-29, 4.509600746683743e-32, 1.6036042120005417e-47, 1.5749452521699534e-31, 1.2115254345760176e-32, 1.1462709773023965e-49, 3.8614425000914716e-33, 7.054146079969195e-32, 7.507893472608227e-52, 1.4207912283736793e-31, 4.4543419104422757e-32, 5.0144464344280636e-54, 9.875538804986759e-30, 1.4883285618206377e-31, 1.5572976053050355e-56, 5.627182801386147e-31, 2.624051930432628e-31, 1.3425483140205492e-55, 9.280938372727288e-30, 6.857419127053843e-32, 6.925340482231664e-57, 9.02870590814688e-30, 3.8328914489742375e-34, 4.880052078144097e-56, 5.158281082481756e-31, 4.861834745275227e-32, 5.702452165532529e-56, 8.530816712055807e-30, 6.123504243159715e-33, 1.1958781533683755e-56, 1.266786721980244e-31, 1.7327683104500812e-31, 3.9095171080406635e-56, 1.1463923022441702e-31, 2.249856953314938e-31, 1.633331824104192e-55, 7.991020016486116e-30, 4.490136902491734e-31, 3.070609544160528e-56, 7.749174395920095e-30, 4.9331521809370854e-33, 6.35058798864814e-56, 7.49380855323648e-30, 5.413974105467623e-31, 3.645172967195396e-56, 7.178174283732351e-30, 5.356834840882152e-31, 1.0037893679371619e-55, 1.0283793083872639e-31, 1.854329195241331e-31, 3.9810022594104726e-56, 6.525524717864572e-34, 3.459520998864213e-32, 9.488589949437268e-56, 2.327187365298576e-36, 3.159751262527016e-33, 2.2623457708044086e-56, 5.3158278873065626e-39, 1.031205023687966e-34, 1.3455833133090225e-57, 8.44888131110522e-42, 1.2557101317743693e-35, 1.9588864199769263e-55, 9.894501763983338e-45, 3.358337645251991e-36, 7.434268957376433e-57, 8.902335264687088e-48, 4.0029369977563426e-37, 4.617073592590875e-56, 6.21745192310399e-51, 2.8143065807585414e-38, 1.149692419514188e-56, 1.1440196078914178e-54, 1.3573361646836077e-39, 5.603356147961643e-56, 5.947346038853128e-58, 4.867364842839246e-41, 5.683920662944825e-56, 1.4405715038579152e-57, 1.3641419592350027e-42, 1.673742565210129e-55, 5.0759096697289876e-58, 3.092507671459942e-44, 3.5569067286370155e-56, 1.4568403034738268e-58, 5.81691635685679e-46, 6.587053873842116e-56, 1.531636838684484e-58, 9.260023309122016e-48, 4.800244048931504e-56, 9.808199274407665e-59, 1.2680964055093067e-49, 6.264642715970912e-56, 2.0826901773708226e-58, 1.4924319014027722e-51, 2.848750926056799e-56, 1.5498085681877976e-58, 1.390626325600502e-53, 6.92151721544993e-56, 3.1916556905089504e-59, 2.119086682377833e-55, 1.2691288707775016e-55, 5.884834351168246e-59, 1.2438437183693248e-54, 1.5949300614375966e-54, 9.198134019683033e-59, 1.616508194223004e-52, 1.8164520958247818e-52, 1.1421308636466373e-58, 1.5629912664066736e-50, 1.7944052975611737e-50, 1.0214748792072928e-58, 1.3340631811988474e-48, 1.4944110352167804e-48, 1.697753113823491e-58, 9.988289366575837e-47, 1.0752838120406002e-46, 1.944652813566823e-59, 6.468779126147165e-45, 6.602006953193736e-45, 8.151801248410836e-58, 3.576194942958081e-43, 3.403929483478951e-43, 1.065955155105646e-56, 1.6606298847960897e-41, 1.4453160054519182e-41, 1.5414544255422823e-54, 6.352250186164186e-40, 4.933527597461762e-40, 8.288478834369596e-51, 1.9540486086307075e-38, 1.3131198993581857e-38, 9.409380918107553e-48, 4.688080881807397e-37, 2.618636442715914e-37, 8.028839542857067e-45, 8.423975158259595e-36, 3.707631024959728e-36, 5.043668871494439e-42, 1.0715409306663102e-34, 3.463602161426455e-35, 2.2024631381019675e-39, 8.868109331279965e-34, 1.961116183611214e-34, 6.148221850712895e-37, 4.154720282932172e-33, 7.0651064387338884e-34, 9.60205610811909e-35, 8.62704361869845e-33, 2.8796778086408508e-33, 6.551291125734865e-33, 9.56815167938741e-33, 6.544035724899257e-33, 6.433290085160972e-33, 1.620331046360429e-32, 6.104935049559049e-33, 1.1210025570596523e-32, 2.3053510815959565e-32, 3.280662522697364e-33, 2.5344182465221095e-33, 4.2252449325319474e-32, 1.6216868586159297e-34, 8.4958349235325e-33, 1.2341426384844796e-31, 3.1449485861074566e-33, 4.657009704551536e-34, 6.897809623770839e-32, 2.6384453956833366e-33, 1.5274767543886728e-33, 8.551078362231275e-33, 8.83443330678136e-33, 6.149227600906427e-34, 4.082422211988935e-32, 7.555057637055324e-33, 1.3777098823210704e-32, 1.9722822299340696e-33, 2.5609796148647495e-33, 6.336838498871155e-33, 3.5176669634820615e-32, 5.671365913003002e-34, 4.4898475304527855e-33, 2.523604000460268e-32, 2.1505440092761537e-34, 8.693704935011709e-33, 3.428494416521344e-32, 2.9963529826826166e-34, 6.296889317867997e-33, 1.0072693152841598e-31, 8.33853994126618e-34, 9.5940573974296e-34, 5.208987563681294e-32, 2.2761544594019763e-33, 1.0518765553452353e-33, 5.117824996727236e-32, 4.077755323519626e-33, 2.445723655510394e-33, 3.1964195557885546e-33, 5.383566599037385e-33, 2.9335614290726182e-34, 9.76382012650327e-33, 2.3300989588229216e-33, 4.878613192330024e-33, 7.839342670754009e-33, 3.231015212644703e-33, 7.147276606754844e-35];
Any[0.5457276294241968, 0.5621480803764543, 0.4248948962517789, 0.21259352484702929, 0.2054258308532599, 0.013617219703509096, 0.09793852429492096, 0.09089365971864578, 0.0006271327843001193, 0.06385164983558146, 0.06073030228941374, 3.329653125612415e-5, 0.03560056758168357, 0.03289978420389631, 1.907625896040183e-6, 0.03475637009493408, 0.032173682643955065, 1.1336525825757961e-7, 0.025099744735734487, 0.023717427006040143, 6.101120594587088e-9, 0.007597958326625477, 0.007599364466295835, 1.04318504168726e-21, 5.9065251158396875e-18, 3.6923958577018574e-17, 2.2883511034356716e-23, 1.5219660124665255e-17, 4.0259966183014184e-17, 4.399663690046147e-25, 1.5954219385407655e-17, 8.764531407078254e-17, 4.639706894529097e-27, 2.7080432610107266e-18, 1.1831852979991237e-16, 3.0904542517988807e-29, 1.8170934306703363e-18, 8.530793364665957e-17, 1.422915385458046e-31, 4.4168192711797094e-18, 3.784668732346677e-17, 4.791439537173052e-34, 3.221756985318109e-18, 1.1435314022197118e-17, 1.2648287762497861e-36, 1.2729408300440658e-18, 2.5162756876897847e-18, 7.002761039024333e-37, 3.3192717929399496e-19, 4.225706445099609e-19, 1.346953430415901e-34, 6.271414184616941e-20, 5.605721879464961e-20, 1.606939018662136e-32, 9.061908402259266e-21, 6.029783161650456e-21, 1.0751885965938719e-30, 1.0373048820787349e-21, 5.365903114155803e-22, 3.226839386061793e-29, 9.644534638584316e-23, 4.012584630208478e-23, 3.765349103156524e-29, 7.421670264929001e-24, 2.552320971824091e-24, 3.230471762576718e-29, 4.795067565251122e-25, 1.3943572011622001e-25, 6.094884909119055e-32, 2.62732423521055e-26, 6.594195982606434e-27, 2.974738922963967e-29, 1.3063995622114867e-27, 2.7176354245176224e-28, 2.661415899934687e-29, 5.653568234125933e-29, 9.817706445712748e-30, 3.766912126480051e-30, 6.265461131904581e-32, 3.125715854785634e-31, 2.5855152330753014e-29, 9.112333696136205e-31, 8.814641233236037e-33, 8.840315316228621e-31, 4.979474198859859e-31, 2.2124842320447333e-34, 8.723630739710374e-31, 2.171015064066593e-31, 4.966061912137771e-36, 2.3836206960543231e-29, 1.025710966574029e-31, 1.001324537305544e-37, 2.5746991505625467e-29, 7.097751810903928e-33, 1.8217153351293052e-39, 2.269270834578375e-29, 5.578513341818435e-33, 3.0031370769364017e-41, 7.8856267798167905e-31, 2.6884228450552247e-32, 4.504374897919979e-43, 4.641917656909659e-32, 1.0590740979294722e-31, 6.171065678251154e-45, 7.113301912038319e-31, 1.3593615145775655e-31, 7.751660887521001e-47, 2.0826817184193272e-29, 4.173708852489131e-31, 8.962148952934193e-49, 2.885064160413889e-30, 2.7185053415477133e-31, 9.50742538994189e-51, 1.9357941582102377e-29, 1.680000274853208e-31, 9.227051306648909e-53, 1.8868732990520902e-29, 9.522503506779203e-32, 4.61641259701636e-55, 2.6443395150874274e-30, 3.352650099625599e-32, 5.8046219679965195e-56, 1.79422101223233e-29, 1.5509998138126288e-31, 4.820408495760081e-57, 6.610206885666335e-31, 3.563890228764662e-31, 2.031810845732529e-55, 5.964105883362609e-31, 3.309441181733711e-31, 1.1717388569175122e-55, 1.756305742312876e-29, 5.599496589467046e-31, 2.1838886236814073e-56, 1.7134639629319567e-29, 3.2146280870109803e-32, 1.311078808305243e-55, 1.6634479229286576e-29, 4.505431722702848e-31, 2.6575876464520002e-56, 1.5815321693993797e-29, 9.130366331111342e-31, 1.263338409281223e-55, 5.354575692165388e-31, 5.091961636284225e-31, 2.1913301261866602e-56, 7.981924722878745e-33, 1.977953865454398e-31, 2.0349300043514152e-56, 6.66194382163541e-35, 6.429589699315479e-32, 6.887147065743565e-56, 3.551104404839094e-37, 1.3890215441331053e-32, 9.731980909071345e-56, 1.3136407520060408e-39, 1.7609533084378628e-33, 4.1704284950922855e-56, 3.5711727654265524e-42, 1.332977650119235e-34, 7.765818773870716e-56, 7.439813463429371e-45, 9.208822895999581e-36, 2.737357534152125e-56, 1.225850735941784e-47, 1.3413668083373709e-36, 3.6131486511322604e-56, 1.6200718390003765e-50, 2.1314954740340624e-37, 5.357036550379562e-56, 6.539500930309864e-54, 2.380826007885895e-38, 2.1422421491457745e-55, 7.343284442649291e-56, 1.909029172391252e-39, 1.1069178041030094e-56, 4.156440243567709e-57, 1.1652073174049735e-40, 1.341633787026616e-56, 2.362872459992965e-58, 5.657339982898761e-42, 1.6185892226833318e-55, 5.4088596238528676e-58, 2.2547456568173167e-43, 1.8287423881142272e-56, 1.3569725362462557e-59, 7.550289746287518e-45, 1.673375856117491e-56, 1.3500354636756917e-58, 2.162658904105263e-46, 3.20959213614215e-54, 1.0067140962519803e-58, 5.3814423384988725e-48, 2.1864536224265148e-52, 9.364114374428797e-59, 1.3231339846109914e-49, 1.3754056676899813e-50, 1.2601401933064251e-59, 1.3944882726400456e-48, 7.276652157171313e-49, 1.5302672865495973e-58, 6.540379130800181e-47, 3.3951436226013817e-47, 1.721411098326409e-58, 2.7464022727448704e-45, 1.3883584452810078e-45, 2.4365126905931977e-58, 1.0105308159835404e-43, 4.921266379498621e-44, 7.2620071807648455e-59, 3.223901896443816e-42, 1.4932509588169312e-42, 7.681269169760776e-57, 8.805889546890605e-41, 3.8204740376346714e-41, 3.67665253758725e-56, 2.0285308225643203e-39, 8.092591852534543e-40, 5.291251506794987e-54, 3.8693989989610515e-38, 1.387418761415043e-38, 1.1386394206359473e-50, 5.973323766436088e-37, 1.8707332860613716e-37, 7.048745442343196e-48, 7.245509104257546e-36, 1.9114990059109372e-36, 3.379936729483157e-45, 6.635942345996334e-35, 1.4107459514646933e-35, 1.2402370487788314e-42, 4.334452510246802e-34, 7.116662333081438e-35, 3.3401603967163053e-40, 1.84700050844846e-33, 2.4218304088002994e-34, 6.228542966593781e-38, 4.391107693880724e-33, 7.052240797846177e-34, 7.383668296900816e-36, 4.4355575727973804e-33, 2.4480352439536135e-33, 4.847780797482345e-34, 5.14171606515325e-33, 6.880571570361847e-33, 1.3554226397934488e-32, 1.9998551662261877e-32, 1.2339912238886388e-32, 1.4745712257346945e-32, 2.964057135862679e-32, 1.53126999140172e-32, 2.3026739107695465e-32, 9.87820176660347e-32, 3.3261182691670935e-33, 7.790887761879739e-33, 1.6006150993160874e-31, 4.004396214034368e-33, 1.8542086618716707e-32, 1.2186415260597945e-31, 8.330990530036896e-33, 1.1569877528797446e-33, 1.21205747878658e-31, 6.69114815970616e-33, 3.772148539539392e-33, 4.4037411270586555e-32, 1.1650180929021207e-32, 1.4033077478957072e-33, 7.898439102912528e-32, 1.1086495929815338e-32, 2.9297800393405124e-32, 1.2548628888273697e-32, 8.991831333964218e-33, 1.4619609541117875e-32, 3.83607909225307e-32, 2.1248360312259185e-33, 9.0490331468964e-33, 4.624513914338432e-32, 2.2161987812037725e-34, 2.0987661454940527e-32, 1.859905052236943e-32, 7.755504416931624e-34, 1.3887700570468845e-32, 1.2946697396658297e-31, 1.6965860478956947e-33, 2.3354533889646725e-33, 1.3062485264173907e-31, 5.4782621982647694e-33, 2.3803876556227978e-33, 9.402050280127684e-32, 1.2126505187926738e-32, 5.1240091769649666e-33, 1.8674095344378234e-32, 5.9072502268641966e-33, 1.1601783827230024e-33, 2.5975621720434656e-33, 2.2588982952819676e-33, 1.030350807082333e-32, 7.062168700419306e-33, 8.629574653803428e-33, 3.6790767308045844e-34];
Any[0.5640887124756475, 0.5793949961470266, 0.47317030247724123, 0.2251019216107192, 0.2161059278148677, 0.016851158834925235, 0.10718885353418289, 0.09988308821077149, 0.0008624212357284215, 0.06599655926848158, 0.06056288202069591, 5.088317461860388e-5, 0.0485053540794149, 0.0457851248829415, 3.240131376512638e-6, 0.042068542971350584, 0.03886347538507221, 2.1524049548508776e-7, 0.030537273093008018, 0.028566872407048187, 1.4118721875175997e-8, 0.010381093235080149, 0.009891778876211881, 2.1090309713125713e-20, 1.2610850710265536e-17, 1.9041644690419725e-17, 1.224393734695783e-22, 5.407731022990882e-18, 3.819036646440843e-17, 1.9049321590058727e-24, 8.157756772570108e-18, 3.4398659110239615e-17, 3.601230469912513e-26, 1.5989233985910537e-17, 6.335434639376939e-17, 4.329287756948102e-28, 6.6802324595029345e-18, 1.0616645242774819e-16, 3.4926013182468244e-30, 9.65490968627996e-19, 9.782402368695643e-17, 2.0380844981544972e-32, 2.9191877603403838e-18, 5.557314827250757e-17, 9.190391513513134e-35, 3.54312452589828e-18, 2.1625391328896935e-17, 1.2861075913211225e-35, 2.0582988157192912e-18, 6.177469987379765e-18, 1.3741375605111992e-33, 7.568327055448693e-19, 1.358128298877608e-18, 8.973231220927952e-32, 1.987568654828442e-19, 2.377861653919635e-19, 3.2774879842778845e-30, 3.9799277445903245e-20, 3.402049721468465e-20, 5.430867071038937e-29, 6.330526403415686e-21, 4.058019563468518e-21, 7.155446975804409e-29, 8.227410472008256e-22, 4.1004703982278756e-22, 5.578889209788578e-29, 8.919636046201503e-23, 3.555452843989367e-23, 3.3861267762482023e-31, 8.189904843222975e-24, 2.6734954078543777e-24, 4.965489919088975e-29, 6.451911830672576e-25, 1.758689561505061e-25, 4.107943698872764e-29, 4.4889991958085424e-26, 1.019591433746163e-26, 1.1360641620541185e-29, 2.6916985285458235e-27, 5.242429661175461e-28, 4.068137173634397e-29, 1.12797731094118e-28, 2.4038102128711276e-29, 2.5720133190361458e-30, 4.889555106277084e-30, 9.877669220954079e-31, 2.6569515004444637e-30, 1.2099788460451306e-30, 3.6535835209739076e-32, 3.678690597525183e-29, 2.617440369436669e-31, 1.221413267812785e-33, 4.326091216677833e-29, 1.2400116842668643e-32, 3.704532229175788e-35, 3.4974892810583485e-29, 1.2542339673892265e-32, 1.0230164249516917e-36, 2.296162060682847e-30, 3.140729689254771e-32, 2.580959266431675e-38, 2.556210488121514e-31, 1.739088740864055e-31, 5.968018962088839e-40, 2.073360662436073e-30, 4.597495987449418e-31, 1.268727699172284e-41, 3.2746046124409406e-29, 3.968162384826403e-31, 2.487009395393295e-43, 8.701552902613356e-30, 2.9052501235438458e-31, 4.507985245093894e-45, 2.9809192808274376e-29, 3.643530426966132e-31, 7.576202816680047e-47, 2.9142748242227666e-29, 2.911501416523171e-31, 1.183362921633901e-48, 7.972724179800731e-30, 3.294755960282132e-33, 1.718230395787712e-50, 2.8047671567371305e-29, 3.6126865092008576e-31, 2.2117691838959742e-52, 2.0473015161947736e-30, 4.139208912717585e-31, 3.464100079671065e-54, 1.8359023142700816e-30, 5.440395806039978e-31, 1.5946918563706627e-55, 2.922405296885527e-29, 4.194268194606321e-31, 5.147481443858976e-56, 2.877558385215147e-29, 6.749046605567559e-32, 1.9296028023362235e-55, 2.809778142608355e-29, 6.982854427228812e-31, 8.792276490640119e-57, 2.6413755222577064e-29, 8.7782123813044e-31, 6.486483125833401e-56, 1.651023741066039e-30, 6.182303491121205e-31, 5.8366490910853775e-56, 4.506717456499923e-32, 4.472077905059563e-31, 5.154642798006707e-56, 6.856277140910604e-34, 2.219321194702943e-31, 5.000929658443076e-56, 6.642750022845638e-36, 9.420587077340861e-32, 7.014821424415375e-56, 4.45731635180615e-38, 3.093109451747672e-32, 5.003436192447512e-56, 2.194340723852238e-40, 6.991770646453831e-33, 4.336584095110505e-56, 8.266382768845952e-43, 1.0675170398983181e-33, 8.093022462609618e-56, 2.4605353314533238e-45, 1.1438796184692306e-34, 2.129701129781133e-56, 5.932247988738214e-48, 9.920128580584975e-36, 2.1037718892774137e-55, 1.1493780031534527e-50, 9.839849365209473e-37, 1.0477233467607574e-56, 6.393948464622791e-54, 1.2900816850339127e-37, 1.1582861220208193e-55, 4.791135818053477e-56, 1.654999531497421e-38, 2.8103391905506597e-56, 2.0459525969308262e-56, 1.7339920360751534e-39, 1.0534449987379479e-54, 7.684522545441273e-58, 1.4523993515679046e-40, 8.74969103640715e-53, 4.6379731917257366e-58, 9.915310972645124e-42, 3.757006493397776e-51, 1.2541993635871186e-58, 5.6425759535585565e-43, 1.5226663403692473e-49, 5.347667235260836e-59, 2.7566545539286345e-44, 5.506768315503507e-48, 1.2923115939745517e-58, 1.443287215367299e-45, 1.777167703374364e-46, 2.4119970587312006e-58, 1.7654083599059034e-44, 5.081920981799375e-45, 6.223431598770368e-59, 4.437657795669909e-43, 1.2766041286069654e-43, 3.689832090659847e-58, 1.003250696047271e-41, 2.7879919592739357e-42, 2.6818557995140945e-58, 1.9702956805079143e-40, 5.229066680624167e-41, 3.122325875349971e-56, 3.323371740745282e-39, 8.300503343711848e-40, 1.7149324178089932e-55, 4.743867911762152e-38, 1.0954811888050872e-38, 1.3220893390913138e-54, 5.627511266443855e-37, 1.175838728023575e-37, 5.382432411187674e-51, 5.4219735880979626e-36, 9.98327769769622e-37, 2.3214988400738653e-48, 4.1166139358058785e-35, 6.474529698815776e-36, 7.79192921610464e-46, 2.3621380415114032e-34, 3.078969539773141e-35, 2.061977863680445e-43, 9.625571993464308e-34, 1.0436356612660052e-34, 4.1694539276277513e-41, 2.5135087832000606e-33, 2.716582509942437e-34, 6.171237314461576e-39, 3.464695309816905e-33, 7.287990213545362e-34, 6.299466765092872e-37, 1.9654779638012473e-33, 2.0810146886726287e-33, 4.060351582940625e-35, 3.9993638005139654e-33, 4.9279032478969125e-33, 1.4292414337593402e-33, 8.549701475394416e-33, 1.3346824548098403e-32, 2.061241137455941e-32, 1.4548410652348597e-32, 2.1144073724353066e-32, 2.5928198798119063e-32, 1.1287913693705354e-31, 1.1757828674136221e-32, 3.467055271201965e-32, 1.8858356426482483e-31, 1.1347621034150863e-32, 1.8231138953890356e-32, 2.1078366630757472e-31, 1.0364158688622302e-32, 3.075075033043084e-32, 1.8596020450871449e-31, 1.5183090487149397e-32, 2.1988971541342143e-33, 1.058573017236618e-31, 8.334309759089692e-33, 7.313849133610426e-33, 1.1068065677674712e-31, 1.6837923734372678e-32, 2.4281883778314765e-33, 1.2700528204798311e-31, 1.8525068151447708e-32, 4.646946495370339e-32, 3.9533862042303104e-33, 1.0358993540045817e-32, 2.594832559436262e-32, 2.0996804769139266e-32, 5.183481414212208e-33, 1.3310219296810387e-32, 4.24762197463651e-32, 8.407658103750734e-34, 3.9382022781228005e-32, 5.228562398749444e-32, 1.863849912827901e-33, 2.3329116361326163e-32, 1.3971313381142624e-31, 7.072129642046648e-33, 4.4614539205008e-33, 1.975195626312027e-31, 1.253448751489285e-32, 4.13938446787346e-33, 1.2014416985964594e-31, 1.1081846529331538e-32, 7.944734360901718e-33, 5.191021162247849e-32, 8.973035385381061e-33, 3.154060422644382e-33, 2.6894959856835233e-32, 3.2551639456883344e-33, 1.6185099588210404e-32, 1.5794072353691788e-32, 1.6595963242758538e-32, 1.1169467262898114e-33];
Any[0.5814904461264734, 0.5957075387682392, 0.5235108412592002, 0.234499483341571, 0.22329933728341503, 0.02057944558665978, 0.1206039986153839, 0.1130663525534402, 0.0011626833008559097, 0.062409140622057574, 0.05599454175282125, 7.572707827798956e-5, 0.06102790534932614, 0.056352141026936496, 5.323469200821871e-6, 0.05720852629079786, 0.05384584850922009, 3.9126103165208975e-7, 0.03469015028484021, 0.03207199300853726, 3.0210006358066713e-8, 0.011380856567114727, 0.01037925220041213, 1.9497857117035737e-19, 7.412934355201302e-18, 1.3027881027067859e-17, 1.871360031144948e-21, 1.1345788119784453e-17, 1.8709502616643516e-17, 1.3840364109192015e-23, 7.177994301964168e-18, 3.8906402767913015e-17, 1.7831919856781532e-25, 3.2318194957903063e-18, 3.374530092012154e-17, 3.1058085843556275e-27, 1.2717725752498494e-17, 4.408442382808218e-17, 4.0350532358341343e-29, 1.0140800648418931e-17, 8.701065804274772e-17, 3.7336808166351526e-31, 2.2453890379397583e-18, 1.0126212190029615e-16, 2.6120650677884096e-33, 1.5571043347989435e-18, 7.198524526357039e-17, 1.2555828078556703e-34, 3.092550348643251e-18, 3.4906457247013854e-17, 8.02565903662628e-33, 2.636476223338692e-18, 1.2437001708590589e-17, 3.2759978315503694e-31, 1.3290757845002337e-18, 3.421822882915403e-18, 7.461609534816005e-30, 4.654475516550396e-19, 7.52995262294423e-19, 7.875314919123944e-29, 1.2286903632148267e-19, 1.3603991155381928e-19, 1.1877321770218116e-28, 2.5663319264566378e-20, 2.058959218166459e-20, 8.29080150835666e-29, 4.379651708409255e-21, 2.652830347443633e-21, 1.2309503957592036e-30, 6.248893795993705e-22, 2.947938384168945e-22, 7.065271666642177e-29, 7.580604900019761e-23, 2.856000519447276e-23, 5.24114678360807e-29, 7.932420453758102e-24, 2.4341914171576415e-24, 2.5463714511271866e-29, 7.270080775252791e-25, 1.8392418781070784e-25, 5.397214735586522e-29, 5.851108726970107e-26, 1.240139340871116e-26, 5.485409138316699e-30, 3.992580061955479e-27, 7.504699959449935e-28, 6.0296600430214785e-30, 2.4037569499049675e-28, 4.096467768681786e-29, 4.6948373472488213e-29, 1.5116907393478812e-29, 2.0259966647849164e-30, 6.195947557913031e-29, 1.3927305471449089e-30, 9.115169704833408e-32, 4.454502481588534e-29, 1.127991355280568e-31, 3.744318539523982e-33, 4.9033369686330856e-30, 1.4584978705979138e-31, 1.4090239247182416e-34, 9.157297771917103e-31, 2.771534665356042e-31, 4.872481628806445e-36, 4.443822048352216e-30, 3.4203327085726563e-31, 1.5528440316845054e-37, 4.3265616472448794e-29, 6.656657436629044e-31, 4.573357633865008e-39, 1.9505827998603242e-29, 5.780958243914924e-31, 1.2479320054387694e-40, 3.792058258566254e-29, 7.117315598942686e-31, 3.162690100658119e-42, 3.723272450328391e-29, 3.063967260455225e-31, 7.461776611964958e-44, 1.7857911451136645e-29, 5.032480252122637e-32, 1.6425358003787564e-45, 3.6639169306401384e-29, 3.292999331066199e-31, 3.380093552196336e-47, 4.763120589912916e-30, 7.95816484930891e-31, 6.513923946839756e-49, 4.223263011011343e-30, 4.544450780256922e-31, 1.1767535078951327e-50, 4.135392446609865e-29, 6.36863078192269e-31, 2.1114034629638705e-52, 4.1263546617835424e-29, 8.017223647625529e-32, 3.5382877615855275e-54, 4.061177488020612e-29, 8.372844281862225e-31, 2.708497462816541e-56, 3.757281136405904e-29, 1.1947108931393077e-30, 3.2340110115688404e-56, 3.809516327812217e-30, 6.601694611395205e-31, 8.0314172760529355e-56, 1.6686838631000079e-31, 4.557607647875741e-31, 9.72060427769072e-56, 4.050076870110737e-33, 3.660265716245488e-31, 1.219894103512125e-56, 6.238827588692164e-35, 2.307973259962317e-31, 2.7285674946861394e-56, 6.6411833526345245e-37, 1.2054781399232273e-31, 9.770285931455042e-56, 5.178465444797566e-39, 5.178458300871539e-32, 4.958828682905182e-56, 3.085993303927966e-41, 1.6715399176162043e-32, 1.1667769702765625e-55, 1.4515908663772611e-43, 3.910278423828585e-33, 5.079071077229125e-56, 5.5279000892542066e-46, 6.700031071302003e-34, 3.419707800558412e-56, 1.736007457589729e-48, 8.706551893426888e-35, 4.7159460265356866e-55, 4.344890107913068e-51, 9.21556992520311e-36, 1.537919514428412e-53, 1.3698473071801495e-54, 9.171407490911892e-37, 6.477170731067901e-52, 1.0086930244221352e-55, 1.0106653896444544e-37, 2.1934902669434517e-50, 2.306013346070371e-56, 1.221211717811423e-38, 6.68780168190946e-49, 7.314385100258984e-58, 1.4049338728099083e-39, 1.8457518491418686e-47, 7.382859909274322e-58, 1.400710669622436e-40, 4.589713645574871e-46, 2.314953088314231e-58, 1.2569364280714636e-41, 1.0210597132901531e-44, 2.137267949901607e-58, 1.2844618826916963e-42, 2.0172905462948766e-43, 4.090415303117563e-58, 1.9620109232378134e-41, 3.508616319707325e-42, 8.988712783421244e-59, 2.943937801087659e-40, 5.317653057718895e-41, 2.607207035872947e-57, 4.0158819721859697e-39, 6.9387098435571954e-40, 4.823577581827119e-56, 4.703130252942941e-38, 7.682860293079342e-39, 3.971067925788347e-55, 4.671214208474798e-37, 7.092299894292061e-38, 4.034937527247879e-55, 3.861799460341642e-36, 5.340741336522877e-37, 1.4688894077414996e-51, 2.594837369523438e-35, 3.19332451318031e-36, 5.184863980738941e-49, 1.3723151957064488e-34, 1.4681956615700826e-35, 1.3629286511518813e-46, 5.456591358599164e-34, 5.036911737913573e-35, 2.8873866075363486e-44, 1.5191502970572482e-33, 1.301437355207257e-34, 4.8208122755477e-42, 2.6145486639758025e-33, 2.949925624879513e-34, 6.1377763800978446e-40, 2.1798590383114284e-33, 7.365166434463686e-34, 5.702976966030722e-38, 1.0617923459116489e-33, 1.7984121403662052e-33, 3.6370702314126295e-36, 3.1190425562852994e-33, 4.191012444719189e-33, 1.4519020632125525e-34, 2.059815889058649e-33, 1.094282704824823e-32, 3.105447715599654e-33, 1.1264216250973709e-32, 1.9949985104639053e-32, 2.574089831949812e-32, 7.817080719915849e-32, 1.6858501885731767e-32, 3.915013416637484e-32, 1.7917648028989305e-31, 2.036253659552023e-32, 4.279759548842203e-32, 2.388831753751278e-31, 1.6923310244283824e-32, 3.554625528760321e-32, 2.7509874892639326e-31, 2.2588449323798996e-32, 4.38639253382255e-32, 2.023403849637339e-31, 2.1982055846501688e-32, 3.5187265491148575e-33, 2.41409444480343e-31, 1.7242270332994093e-32, 1.240038534503267e-32, 1.8523058543014884e-31, 2.091006592948394e-32, 3.536084249750019e-33, 8.011515617494422e-32, 2.2902542001729843e-32, 6.166662509437424e-32, 1.6382281399606114e-32, 1.4910329949882313e-32, 3.9671171159250246e-32, 9.885702580113068e-33, 7.297919909104031e-33, 1.613048839900066e-32, 6.923539608950981e-32, 1.743585705676646e-33, 6.397504863978103e-32, 1.2993890260399752e-31, 2.9202890355536706e-33, 3.3701053940665805e-32, 2.276624170852009e-31, 1.8911704478728642e-32, 7.477676179197765e-33, 1.5364871604301836e-31, 1.5849656999026555e-32, 6.235179999230867e-33, 1.2937940296242137e-31, 1.3900158116496882e-32, 1.0205831404711278e-32, 1.4893239788362212e-31, 7.534160207995205e-33, 6.727914332124655e-33, 2.3144975080716166e-32, 3.6546835856384576e-33, 2.1220361668164585e-32, 7.107639287246384e-32, 2.960527569980192e-32, 2.5295488532101876e-33];
Any[0.5977163933288676, 0.6106345099001051, 0.5758151053777258, 0.2435535596949631, 0.2305624530531764, 0.024834781510356223, 0.12982266175909143, 0.12077193717561034, 0.0015396856660086662, 0.06528917632227539, 0.0594820568680811, 0.00011004216649374063, 0.0687035314110198, 0.062198553288733596, 8.488831965483507e-6, 0.07347749304399145, 0.06823411365370947, 6.844819438180161e-7, 0.043039640391499226, 0.039756932259605526, 6.092197430836566e-8, 0.009847817394113658, 0.00888774747504174, 9.59904040837955e-19, 1.5387843247020397e-17, 1.4715549868604994e-17, 1.6344083616810124e-20, 8.279304701662734e-18, 1.6693213868741335e-17, 1.7627376602490012e-22, 8.973135240445123e-18, 1.9571613299314803e-17, 1.5077939833111983e-24, 9.282811508902276e-18, 3.834971393009856e-17, 1.782312601375595e-26, 1.471179877851475e-18, 3.6531949067452505e-17, 2.829794609121929e-28, 7.755224324776547e-18, 3.20831316780371e-17, 3.811875291998528e-30, 1.1412605805342397e-17, 6.528375453829315e-17, 3.9226045968429805e-32, 4.881878922129114e-18, 9.527811327209776e-17, 9.201593135165959e-34, 1.2113504642209547e-18, 8.388669531527923e-17, 3.288434454287937e-32, 2.1847703688234415e-18, 4.974255698030421e-17, 9.110298993188443e-31, 2.7597218972145738e-18, 2.1562868880139518e-17, 1.406121770768938e-29, 1.896338051947893e-18, 7.211893789779643e-18, 1.0430920751138144e-28, 8.675298861298048e-19, 1.9316567791072578e-18, 1.8006742138817697e-28, 2.933060563262379e-19, 4.2573997909428217e-19, 1.1156708899267817e-28, 7.773283833658593e-20, 7.88287734915407e-20, 3.4070860522975054e-30, 1.676448252380388e-20, 1.2463570770462877e-20, 9.023073080815982e-29, 3.0192407897258604e-21, 1.705131670850961e-21, 5.77199755025304e-29, 4.627112616582669e-22, 2.0406705619942819e-22, 4.69327224079733e-29, 6.126123772074381e-23, 2.1560973287299012e-23, 6.417767622581318e-29, 7.099752801570946e-24, 2.0268960545246494e-24, 9.46080922277185e-30, 7.254397620640079e-25, 1.7067799001617923e-25, 1.127785931057166e-29, 6.548810568794203e-26, 1.2949157098758162e-26, 5.179880467119233e-29, 5.229306628002651e-27, 8.897106355172375e-28, 7.947025144191628e-29, 3.8290596244327432e-28, 5.561226113500144e-29, 4.8976283987502483e-29, 3.129467500683831e-29, 3.175177526329038e-30, 8.472490343688753e-30, 1.4230668127229097e-30, 1.6619881505199425e-31, 2.4842969162168027e-30, 9.955504553515684e-32, 8.001868404835172e-33, 7.74976395661835e-30, 4.768740191537639e-31, 3.5544901490280884e-34, 5.085198847856535e-29, 9.511134329422388e-31, 1.4608353580540126e-35, 3.5959601130762385e-29, 1.4210157631296302e-30, 5.569178337456653e-37, 4.164682084973344e-29, 7.2809955366427485e-31, 1.9742380783839186e-38, 4.114305188197283e-29, 1.4696916865886608e-31, 6.522500295371872e-40, 3.287048036068511e-29, 7.758505103581045e-32, 2.0126388327863742e-41, 4.218178611574525e-29, 4.123622900815725e-31, 5.812131754033484e-43, 9.23161289014148e-30, 7.317553585504343e-31, 1.5738319073023064e-44, 8.029393300915692e-30, 9.382146099952051e-31, 4.003245737194921e-46, 5.23019052199407e-29, 4.118184988622987e-31, 9.58299702629175e-48, 5.317171910397275e-29, 1.0477213383267511e-31, 2.164455160158201e-49, 5.286864239516833e-29, 9.991845853499636e-31, 4.6316220631028733e-51, 4.7857280481323047e-29, 1.4200307942057313e-30, 8.718268940503327e-53, 7.279916319144972e-30, 8.88637155155886e-31, 1.935616004138622e-54, 4.7194330656697855e-31, 5.5951248935560645e-31, 7.428374599768686e-56, 1.6829405164385348e-32, 3.292918459113644e-31, 7.268071665792294e-56, 3.7931119669500732e-34, 2.8488769881404336e-31, 2.7934807468632085e-56, 5.892467022267398e-36, 2.2130058816437425e-31, 6.737363286236921e-56, 6.693346645894222e-38, 1.3925669041314777e-31, 1.6528775534726316e-55, 5.803156208120237e-40, 7.325506741914865e-32, 1.9865153142662426e-56, 3.967352978905498e-42, 3.0537596169699987e-32, 2.4557331539396122e-54, 2.1940933913290332e-44, 9.669404245600532e-33, 8.340544562348211e-53, 1.0017909638135331e-46, 2.3198931819730367e-33, 2.5844579798769863e-51, 3.821213736322149e-49, 4.2955306645516035e-34, 6.974546307651039e-50, 1.1132364168778169e-51, 6.318563017718551e-35, 1.7264478468999077e-48, 1.0907512095545632e-54, 7.715933415920437e-36, 3.8885896990148433e-47, 4.133211626697798e-55, 8.40768094384377e-37, 7.947858705655547e-46, 2.184970919229868e-56, 9.039126283400301e-38, 1.4653919068906493e-44, 4.85890692426505e-58, 9.911680228354698e-39, 2.421354936447276e-43, 6.61751520661433e-58, 1.4455932072231148e-39, 3.558765786234513e-42, 5.350374332600199e-58, 2.080581472312887e-40, 4.612111777707492e-41, 3.522263073186966e-58, 4.3855945030661104e-39, 5.217168810174687e-40, 7.70589051643791e-57, 4.14549920339156e-38, 5.0892853447976146e-39, 5.755361029160395e-56, 3.641506312867809e-37, 4.219430799740196e-38, 2.838698106619326e-55, 2.6961903059238592e-36, 2.921054174325408e-37, 2.947129095153592e-54, 1.6621572957913985e-35, 1.6523587890111016e-36, 2.6084005287648098e-52, 8.312027345148279e-35, 7.441513188939618e-36, 9.282862752162642e-50, 3.2557205751295765e-34, 2.5950769601843595e-35, 2.0520346689788373e-47, 9.484361300833194e-34, 6.908278145389069e-35, 3.697666591784927e-45, 1.8894465513889747e-33, 1.4833309409690351e-34, 5.37996611210326e-43, 2.2077624768244348e-33, 3.127050697899744e-34, 6.15951536531939e-41, 1.1749359705323007e-33, 7.281988522038192e-34, 5.365094416625658e-39, 1.0275837230407425e-33, 1.665213456839355e-33, 3.3983754262265756e-37, 1.9203853364325944e-33, 4.0426332769297595e-33, 1.4688153313884045e-35, 2.748215583497794e-35, 9.210625119841221e-33, 3.929849714944687e-34, 1.492226545651924e-32, 1.2987653031398346e-32, 5.4934067590740965e-33, 6.196367579528509e-32, 1.636850281839725e-32, 2.750163070319331e-32, 1.34982940195439e-31, 2.394663880744467e-32, 5.316721782943667e-32, 2.3507551435723393e-31, 2.353187763892294e-32, 4.530637088635803e-32, 2.749585458515018e-31, 3.1243228709646215e-32, 6.034525411784795e-32, 2.8602515463955237e-31, 2.7859093282737856e-32, 5.715639807134621e-32, 3.8135601286184442e-31, 3.7387521779356534e-32, 4.9187216138823556e-33, 4.077356922965722e-31, 2.7137540454238386e-32, 1.9179410753316372e-32, 2.223184296115404e-31, 2.8162425843113427e-32, 4.492597387698904e-33, 1.0625701255014904e-31, 2.2931552926257055e-32, 7.181167911467373e-32, 2.3850166169292633e-32, 1.9803828832429266e-32, 5.473995079028679e-32, 8.823651093620137e-33, 1.3228919810641222e-32, 1.729122353158274e-32, 1.0123453465939644e-31, 9.588662349751086e-34, 9.390522363685199e-32, 2.1731285034589613e-31, 4.364686103823519e-33, 4.430574701950094e-32, 2.7944178342822226e-31, 2.032966323928027e-32, 1.1510828032034788e-32, 2.0798365985167206e-31, 2.877303069286384e-32, 8.597275983261208e-33, 1.7969693571259887e-31, 1.730249805874992e-32, 1.1356366617661182e-32, 1.49899319835305e-31, 7.198263921588785e-33, 1.2078823401598731e-32, 1.859818855187553e-32, 1.4203755181909583e-33, 2.438641687345798e-32, 1.4878910885703609e-31, 4.194573744180601e-32, 4.736275995684346e-33];
Any[0.6121438128453143, 0.6234071839702356, 0.6299752453723126, 0.25572586800252695, 0.2414336453536496, 0.029647458575784547, 0.1289344124861039, 0.11781777384651891, 0.002006110875986449, 0.07576527786069273, 0.07018286991909452, 0.00015648194583640923, 0.08125620351112668, 0.0745537027783057, 1.3173965035566284e-5, 0.08336309739341236, 0.07466853266390272, 1.1574640198174418e-6, 0.048369403868203924, 0.044447981907173695, 1.1694683445198924e-7, 0.012649798445837197, 0.011881434174649989, 3.255396987399738e-18, 1.26980714855169e-17, 3.3556657219700602e-18, 8.748302255183871e-20, 1.9689788379689136e-17, 9.469538538672002e-18, 1.4829504244407357e-21, 1.1476520794589522e-17, 1.7816452023418325e-17, 1.7023219054066753e-23, 6.396884438073878e-18, 2.0702120871660094e-17, 1.610219713608866e-25, 1.0045614032039003e-17, 3.6713173011632736e-17, 1.843731295815472e-27, 2.523635477005824e-18, 4.059519565797773e-17, 2.7031667987788597e-29, 3.2122140070101468e-18, 2.7681948828886508e-17, 3.7134166863988678e-31, 1.0012975781909462e-17, 4.5463805553440587e-17, 6.0005403992680144e-33, 7.477292381280582e-18, 8.159693593634821e-17, 1.0525236129325612e-31, 2.2024224238311502e-18, 8.882955502332443e-17, 2.0915481906388855e-30, 1.4202100587908532e-18, 6.380749234040467e-17, 2.3177790817837857e-29, 2.3973542585705324e-18, 3.3141476755106356e-17, 1.3087098624109282e-28, 2.259344221759414e-18, 1.3218222101213578e-17, 2.548099764702331e-28, 1.3414501097760997e-18, 4.215685663955532e-18, 1.39716435011974e-28, 5.718165833335397e-19, 1.1066336307295635e-18, 7.776323931586941e-30, 1.8825588152993988e-19, 2.4433148488091227e-19, 1.0643549941566522e-28, 5.004824392781212e-20, 4.614392444124274e-20, 5.569113226852194e-29, 1.1068132411381794e-20, 7.55583842718338e-21, 7.498178562903717e-29, 2.079755132090536e-21, 1.0846978152874441e-21, 7.161863186569128e-29, 3.3750917937995313e-22, 1.377941747457052e-22, 1.385005565307737e-29, 4.7926766810009123e-23, 1.5612763898146877e-23, 1.8317855832801022e-29, 6.012723057428991e-24, 1.5885735043353558e-24, 5.0313952335838576e-29, 6.7143864910341395e-25, 1.4600921168183448e-25, 9.358358370585718e-29, 6.684140220391859e-26, 1.2185734298425707e-26, 4.723165863180999e-29, 6.0795078847940784e-27, 9.277181022387725e-28, 1.2433943902084885e-29, 5.198561056591518e-28, 6.469224868527656e-29, 5.525217109238193e-30, 3.593390249129389e-29, 4.147235509787993e-30, 1.1605410972876929e-29, 1.4778327555572793e-30, 2.452342732215932e-31, 5.530642120111744e-29, 3.0610118904250128e-30, 1.3416395527077872e-32, 5.747530180550589e-29, 1.4272515821126825e-30, 6.809705340017222e-34, 4.0192262872221203e-29, 8.28056491847868e-31, 3.214912533797107e-35, 4.0060432284251756e-29, 7.029661221509843e-32, 1.4150997066058928e-36, 5.239136654963656e-29, 2.271017588425776e-31, 5.820221979517144e-38, 4.431727701960536e-29, 3.6568917274619653e-31, 2.2414149724642903e-39, 1.5757256086896458e-29, 9.133713764941304e-31, 8.097973911887319e-41, 1.3291556886472352e-29, 8.565238513103124e-31, 2.749759653499196e-42, 6.062972023263366e-29, 8.538066760207222e-31, 8.790769672241961e-44, 6.327542723332116e-29, 1.22823064516362e-31, 2.650233988637616e-45, 6.370300292468609e-29, 1.1490890639003687e-30, 7.547208705144671e-47, 5.600128299187166e-29, 1.5874873752553237e-30, 2.0325631071172542e-48, 1.2149250632138832e-29, 1.0811459953048082e-30, 5.181539570439628e-50, 1.10453074856739e-30, 7.306412247328797e-31, 1.2609231320038863e-51, 5.474467394802112e-32, 4.63143380791627e-31, 2.757817533327406e-53, 1.7064129693458574e-33, 2.609399945208145e-31, 2.5531962522682028e-55, 3.65485522446019e-35, 2.150196759507814e-31, 1.889433489553983e-55, 5.71238804011674e-37, 1.961636661474638e-31, 9.645906375019932e-54, 6.804778216939846e-39, 1.471290953138032e-31, 2.6731054793779943e-52, 6.384933600331307e-41, 9.188380954924287e-32, 6.665011625984834e-51, 4.84225797035312e-43, 4.684682345830268e-32, 1.5201631773059369e-49, 3.0303373901017836e-45, 1.8769169702802071e-32, 3.185449582605702e-48, 1.5906692763534606e-47, 5.844115344490486e-33, 6.115595831833983e-47, 7.019543997303799e-50, 1.4288172270196398e-33, 1.0720343333908093e-45, 1.834001652280435e-52, 2.7965974048032256e-34, 1.706938490603561e-44, 3.3678989537529105e-54, 4.4850712554281804e-35, 2.4546412122269323e-43, 3.467556723988763e-55, 6.113493750002589e-36, 3.1671266952207964e-42, 4.984584374633819e-56, 6.9597678165712536e-37, 3.6389841227201495e-41, 2.2091018903202262e-57, 1.2049037931023266e-37, 3.690917324556294e-40, 9.993494359957701e-58, 9.32142481372284e-39, 3.270891677829413e-39, 1.4468616327035782e-56, 3.05277629546373e-37, 2.501885265096609e-38, 8.020116047107113e-56, 1.842841831133801e-36, 1.6275950827047e-37, 2.302839974081558e-55, 1.0814136915818073e-35, 8.846009340547652e-37, 5.3777290306381244e-55, 5.182057279255718e-35, 3.931208664318554e-36, 2.4904484865808253e-53, 2.0100356813141925e-34, 1.3939222360434267e-35, 1.423974915711896e-50, 6.0534840276706996e-34, 3.8597910846588144e-35, 2.8206582535050856e-48, 1.3338290131414932e-33, 8.407584059965908e-35, 4.4972537606072174e-46, 1.9448164681968957e-33, 1.5987793358380195e-34, 5.898050075845598e-44, 1.5679752388780796e-33, 3.2545074068090496e-34, 6.239696295299454e-42, 7.143547382515776e-34, 7.321808360502628e-34, 5.1847781506255515e-40, 1.2270572047964787e-33, 1.706380053630496e-33, 3.268776216122801e-38, 1.0075710498278197e-33, 4.1007105072791656e-33, 1.4923638680914e-36, 1.645213092144374e-33, 7.623882252751146e-33, 4.615834070579592e-35, 1.8790404797511564e-32, 8.594962061702874e-33, 8.715762839911964e-34, 4.825805473466125e-32, 1.127851298915461e-32, 8.320302053977556e-33, 9.761071140481607e-32, 2.1448133079543466e-32, 2.5415997852740587e-32, 2.013599576314977e-31, 2.545914613443575e-32, 6.639980748938408e-32, 2.4212654591155313e-31, 3.839475778300886e-32, 4.213329144149648e-32, 2.8301908913984524e-31, 3.4915150006529994e-32, 9.166324499996652e-32, 4.797015193941883e-31, 4.761666811666846e-32, 7.065859651441486e-32, 5.729037431091018e-31, 4.819109094667948e-32, 6.12756093670803e-33, 4.9946882664143795e-31, 4.0037516847405404e-32, 2.7594894183162e-32, 2.7877353089297548e-31, 3.256895059568179e-32, 5.02081649949542e-33, 1.5273177057832715e-31, 3.288388325147913e-32, 7.504009234993124e-32, 2.5703038050170306e-32, 2.603258515783396e-32, 6.974655282007229e-32, 2.469599633795427e-32, 1.1685143051421272e-32, 1.7869357762565824e-32, 8.628762628426086e-32, 6.3195950501992775e-34, 1.2711539805843027e-31, 2.4410020710285526e-31, 4.6447551285600366e-33, 5.482511079318461e-32, 3.8991313357245985e-31, 2.3871907916976583e-32, 1.6643601374572386e-32, 3.8321959832387876e-31, 3.2749591236884676e-32, 1.1216042073797225e-32, 2.3349248588217746e-31, 2.917074960537759e-32, 1.1134548562663093e-32, 9.644952959264116e-32, 5.621797776916635e-33, 1.9013658724127013e-32, 2.896443265151893e-33, 3.269005484847191e-33, 2.520213372506777e-32, 1.9575696013434852e-31, 4.8546749959421487e-32, 7.74784486392454e-33];
Any[0.6249017666110248, 0.6342943924722784, 0.6858760130242338, 0.27063786289233965, 0.25475717544844856, 0.03504497946085136, 0.12095158066428871, 0.10866443758212556, 0.00257545815562675, 0.08733989019874898, 0.08123686133725104, 0.00021817419480007116, 0.10363915832222198, 0.09552668367065675, 1.9946649650524407e-5, 0.08686647922421117, 0.07705364101806117, 1.8992471709034879e-6, 0.05177572201026941, 0.04627000274201957, 2.1485603125304687e-7, 0.017453981453261765, 0.01650754429899231, 8.703822625236066e-18, 1.2286550664839804e-17, 4.771489724319744e-18, 3.38997622453637e-19, 1.465732997919189e-17, 1.681745508972534e-18, 8.396004409108112e-21, 2.299705013885346e-17, 6.114123511452062e-18, 1.3919205680183912e-22, 1.6550163807704778e-17, 1.7047141845723237e-17, 1.6718810231284515e-24, 5.193867836177487e-18, 2.1467980175313946e-17, 1.7054931989681193e-26, 8.815968340365296e-18, 3.4218883937759183e-17, 1.941327822106e-28, 4.9039760685654445e-18, 4.394729337965931e-17, 2.7174971738098197e-30, 7.106938123491973e-19, 2.9515597011506076e-17, 3.5128421835100567e-32, 6.726987451755866e-18, 3.105185909530238e-17, 2.8158080874305733e-31, 8.717762387401847e-18, 6.355141979308049e-17, 4.1583334667478456e-30, 4.125305669376021e-18, 8.580667079690572e-17, 3.4579700123600404e-29, 1.3638690349798823e-18, 7.450348065873946e-17, 1.5971893001483342e-28, 1.7917529982431465e-18, 4.5974752212049905e-17, 3.406482710249233e-28, 2.280316884786082e-18, 2.159415685768205e-17, 1.6567403969090594e-28, 1.7618332080552697e-18, 8.076716742578295e-18, 1.534211117786486e-29, 9.409951609558099e-19, 2.4822776998848334e-18, 1.1830167348466661e-28, 3.8013041558000197e-19, 6.414913435601353e-19, 4.6909858290616467e-29, 1.2257705946092514e-19, 1.4188233177299996e-19, 1.0707286192356921e-28, 3.266777501086666e-20, 2.723626488439443e-20, 7.857055978946943e-29, 7.371632553537808e-21, 4.589909794882153e-21, 1.763500723744559e-29, 1.4339871831629482e-21, 6.855202815654586e-22, 2.662231415795938e-29, 2.4382788656691336e-22, 9.147105702189065e-23, 4.3295578056659986e-29, 3.664419453916326e-23, 1.097960159089184e-23, 1.0257329481606506e-28, 4.9062143362227614e-24, 1.1926864393483907e-24, 3.9931332845168227e-29, 5.8919391600583825e-25, 1.1786363401392928e-25, 1.587783039831326e-29, 6.40644728840375e-26, 1.0645370610261038e-26, 1.0550351939572984e-29, 6.46927115501874e-27, 8.823958188215477e-28, 1.544458946619625e-29, 5.318798686744663e-28, 6.73748434594271e-29, 5.786181808885781e-29, 4.6654459536763686e-29, 4.7546388741110696e-30, 8.214047450730659e-29, 1.0010212854250767e-29, 3.11059296839101e-31, 3.427608819538787e-29, 8.930324746879758e-31, 1.8918236647424195e-32, 3.461998402891195e-29, 2.4721093947203847e-32, 1.072351087996357e-33, 7.452159868715671e-29, 3.0360055112686894e-31, 5.678497643341229e-35, 4.4069303378178666e-29, 6.197953160035821e-31, 2.8152463575888306e-36, 2.450709191327055e-29, 7.407842856087731e-31, 1.3093829606445116e-37, 1.9736295406059356e-29, 1.1074520920284925e-30, 5.7241024646199234e-39, 6.531611976467138e-29, 7.885124431952016e-31, 2.3561916767824797e-40, 7.074113836815873e-29, 2.7433962988296146e-32, 9.147510860291245e-42, 7.223812732383455e-29, 1.3292273266608495e-30, 3.354833546848707e-43, 6.107940351419769e-29, 1.9718563335572127e-30, 1.1640347266836923e-44, 1.8264027863877756e-29, 1.1890416171385634e-30, 3.826459920055904e-46, 2.2424424734920157e-30, 8.855967766708436e-31, 1.1933947072737139e-47, 1.4849226812240679e-31, 5.748415582830083e-31, 3.5314191523749184e-49, 6.1473264985627476e-33, 3.9388607614919105e-31, 1.0458379495491681e-50, 1.7424223875124931e-34, 2.278655129098827e-31, 4.365669608262024e-52, 3.5955353744985924e-36, 1.641162711574752e-31, 1.3236546872387533e-50, 5.645650913773438e-38, 1.6224267742299859e-31, 2.555946672268513e-49, 6.974153214105286e-40, 1.4307097310022424e-31, 4.684348329412813e-48, 6.956973462878832e-42, 1.045421311177149e-31, 7.901182738634698e-47, 5.722641866607125e-44, 6.318947962476696e-32, 1.2233444510996392e-45, 3.948507562644314e-46, 3.0743072300652803e-32, 1.7308440624719917e-44, 2.3140676858357324e-48, 1.1856284003158143e-32, 2.2264313857061967e-43, 1.1118742731549375e-50, 3.6413316325715896e-33, 2.588733402099977e-42, 1.5803504503903193e-53, 9.018978525046725e-34, 2.702876095570037e-41, 3.436237564976204e-55, 1.8572565986468631e-34, 2.5149031597622775e-40, 3.533433787911699e-55, 2.9792237049173914e-35, 2.066916383158522e-39, 6.272664225383962e-56, 6.677413764426651e-36, 1.4848830401616143e-38, 5.733563933855133e-56, 1.8835590888950236e-37, 9.209059638613342e-38, 7.947796887625947e-56, 8.569518590994363e-36, 4.85704816764168e-37, 2.6140770484934344e-55, 3.19942093808139e-35, 2.139451946930744e-36, 1.1632619856358038e-54, 1.2781364654683647e-34, 7.70470529462409e-36, 1.7938547499749994e-55, 3.92312443445872e-34, 2.2182795311357454e-35, 1.8826246565491677e-51, 9.309064618716897e-34, 5.042503928253826e-35, 3.6420701664619616e-49, 1.5781862800617695e-33, 9.380831597321832e-35, 5.296902071241178e-47, 1.702500863340828e-33, 1.6667878492502154e-34, 6.40628181235282e-45, 1.0073400738804017e-33, 3.410732517129162e-34, 6.375712120568917e-43, 7.496905901224699e-34, 7.848270101632005e-34, 5.111091014659082e-41, 1.4287269365516496e-33, 1.889653404578968e-33, 3.211339618666207e-39, 1.1181703396120357e-33, 4.117320112537105e-33, 1.5260937971059383e-37, 5.099195966648744e-33, 6.088270661814844e-33, 5.225757614567645e-36, 1.9869910483500436e-32, 5.8502810688961096e-33, 1.2018455641242194e-34, 3.7450550982417736e-32, 8.443398495247726e-33, 1.6586594009084225e-33, 7.864839583576827e-32, 1.4126650061181561e-32, 1.1087878628647049e-32, 1.4669806542087947e-31, 2.2088122716504225e-32, 2.0110928407382873e-32, 1.9401233470469647e-31, 3.763137940275625e-32, 7.716454614872559e-32, 2.537781231673583e-31, 3.9895128474052134e-32, 3.550190622227222e-32, 4.717723252952558e-31, 5.557913611532157e-32, 1.2691282802604178e-31, 6.623675568449915e-31, 5.872878911697811e-32, 8.509037278333772e-32, 6.712475802677548e-31, 6.282742247117181e-32, 6.936767687517617e-33, 6.205603800924058e-31, 4.928292328710702e-32, 3.7301984573068167e-32, 4.1129784152816236e-31, 5.339894872949179e-32, 4.8839862927935234e-33, 1.6099732136073563e-31, 4.519922317613952e-32, 7.105068197128229e-32, 1.9082697020981203e-32, 2.694481762751687e-32, 8.309749998981481e-32, 1.1811125653167429e-32, 7.910746522543009e-33, 2.0230187704989355e-32, 8.208449493419702e-32, 8.35165239229415e-34, 1.6046318458657954e-31, 2.5672792901123777e-31, 4.7510047877420576e-33, 6.534557382485966e-32, 6.657932832358637e-31, 2.858793890135228e-32, 2.288752149136462e-32, 5.694964688517188e-31, 3.89521069322186e-32, 1.4181530853747056e-32, 2.4614922046326106e-31, 2.8562483777205183e-32, 9.627499541004189e-33, 7.071175124928389e-32, 1.0410787512872017e-32, 2.691404301101198e-32, 7.786970072516483e-33, 4.7428204872757285e-33, 2.3848357738184295e-32, 1.724944588743666e-31, 5.840690549645282e-32, 1.1458680349426962e-32];
Any[0.6374691634054425, 0.645005370970666, 0.7433928443952612, 0.28370189874807694, 0.2651920100772709, 0.04105165536438676, 0.1126741471684127, 0.10080280117424885, 0.003261924804731806, 0.09993170665884486, 0.09298306418699888, 0.00029874579264554507, 0.12301709763559135, 0.11171533970420096, 2.9527963380759383e-5, 0.0960843800683508, 0.08634661813322231, 3.032314449825685e-6, 0.05766956209477528, 0.05124505410809889, 3.8046493450173537e-7, 0.017109987370565457, 0.015155635569777465, 1.9710794759949647e-17, 1.4666258259115508e-17, 2.5161839308913988e-17, 1.0493763099127187e-18, 1.394521106548798e-17, 7.162093647611037e-18, 3.575882707902211e-20, 1.6064282922887003e-17, 1.2726200622436674e-18, 8.19029569647675e-22, 2.452730344786935e-17, 3.9828413724617034e-18, 1.3362617744549717e-23, 2.231116849098754e-17, 1.5318891036238476e-17, 1.6662001256212076e-25, 6.6450107122654605e-18, 2.1800413293697384e-17, 1.8015532379332494e-27, 6.241284408502159e-18, 3.123156189824025e-17, 2.093621029898222e-29, 6.7828034330021e-18, 4.519955727227945e-17, 2.026240691930514e-31, 7.022795000089801e-19, 3.507866670710128e-17, 6.672497010852109e-31, 3.1090293817727247e-18, 2.385521384662692e-17, 7.384140921088747e-30, 8.00217776676271e-18, 4.5213446271342805e-17, 4.782998150564185e-29, 6.060046633347315e-18, 7.557422107342821e-17, 1.9334567957073155e-28, 2.2263384024691484e-18, 7.963240817190097e-17, 4.335002313368913e-28, 1.358853260447105e-18, 5.821067989156762e-17, 1.8844314404002896e-28, 1.9809115195787625e-18, 3.195733050094683e-17, 2.696608201303774e-29, 1.9918870644437414e-18, 1.3872575606946106e-17, 1.2614483045405092e-28, 1.3337648199262512e-18, 4.930563695829673e-18, 3.368000846664236e-29, 6.5738425106648645e-19, 1.4710903409847344e-18, 1.3930638711666055e-28, 2.5457996953603733e-19, 3.7544939762376806e-19, 8.871808833789974e-29, 8.07318101246596e-20, 8.317979897966135e-20, 1.9728133385222117e-29, 2.155879774363459e-20, 1.6187622135461932e-20, 3.525233972507799e-29, 4.9466678194446965e-21, 2.7944163870694224e-21, 3.3234246125863717e-29, 9.902428413055084e-22, 4.31430426147481e-22, 1.0546864835766274e-28, 1.750244818346829e-22, 5.999150110925553e-23, 2.917569106952727e-29, 2.757032783561176e-23, 7.559001805448404e-24, 1.7801125205869855e-29, 3.897406052269331e-24, 8.676417167671585e-25, 1.7801428612061745e-29, 4.9986975369396795e-25, 9.114912108893001e-26, 1.8786680347841886e-29, 5.843797618844786e-26, 8.800575445633463e-27, 6.083348079503746e-29, 5.963175621807161e-27, 7.838598988065931e-28, 1.0702940796343384e-28, 6.0465087770542e-28, 6.46245493108732e-29, 2.6006031317719196e-29, 6.834850220240939e-29, 4.946695051987139e-30, 2.6802172558264034e-29, 4.8471924388912094e-30, 3.5253403327685762e-31, 9.635819660960515e-29, 1.3286444335071861e-30, 2.3451126067945785e-32, 4.3689312738980425e-29, 5.74658615458826e-31, 1.4595646086176935e-33, 3.5535285533367456e-29, 1.0679232782040435e-30, 8.517712406927362e-35, 2.676252212305758e-29, 8.746302171560456e-31, 4.670225635750056e-36, 6.588999551813937e-29, 1.054937146244559e-30, 2.410367855572108e-37, 7.525259233165838e-29, 4.189108416636507e-32, 1.1730637115898252e-38, 7.797936898856841e-29, 9.854846913221786e-31, 5.392220720173853e-40, 6.261974664080705e-29, 2.0883439256986432e-30, 2.344738106114596e-41, 2.5217969323416565e-29, 1.6479655675381754e-30, 9.659082437594829e-43, 4.069653078731645e-30, 1.0176759861053139e-30, 3.774932993119211e-44, 3.4968585543544437e-31, 6.830884371274443e-31, 1.4002090675283024e-45, 1.8653748559301929e-32, 4.61087067432258e-31, 5.039911065226669e-47, 6.784662166880779e-34, 3.3664111616477517e-31, 1.3563640494806043e-48, 1.7916952885365046e-35, 2.1247701492673915e-31, 6.374691459292104e-48, 3.593662532676542e-37, 1.3416204445247765e-31, 8.853852361705858e-47, 5.6631403511836125e-39, 1.279025961282856e-31, 1.2413433703037817e-45, 7.19932302423879e-41, 1.287155266079001e-31, 1.5930113073100396e-44, 7.541090038868641e-43, 1.0913230163269538e-31, 1.869658910391682e-43, 6.622320587513305e-45, 7.683274144005581e-32, 1.9962505635350204e-42, 4.944975186414064e-47, 4.4204548122742545e-32, 1.9277110504370679e-41, 3.152239066584239e-49, 2.049590471186071e-32, 1.6723853298865536e-40, 1.5207687116932776e-51, 7.612746415495394e-33, 1.2934099062176781e-39, 4.750394255938296e-55, 2.3544051256566057e-33, 8.837075076148284e-39, 1.0863476117927473e-54, 5.3960759452644725e-34, 5.277155786546528e-38, 1.966627753081114e-55, 1.7111402881841011e-34, 2.719224070997189e-37, 3.966217898897783e-55, 4.630581126240473e-36, 1.1905419281259907e-36, 2.59259922999973e-55, 1.1504408832013306e-34, 4.348001672443099e-36, 1.0006689949182804e-54, 2.3877991356277452e-34, 1.2970532142826455e-35, 7.235283834989894e-54, 6.57174359971977e-34, 3.0998501579381397e-35, 1.7832465512769574e-52, 1.215774931472163e-33, 5.937327583967896e-35, 4.462712547645463e-50, 1.6093556860405237e-33, 9.828994509573994e-35, 6.104109055410473e-48, 1.3050348469799382e-33, 1.7315859754880805e-34, 6.924619200115588e-46, 7.406716624333953e-34, 3.7540679288091907e-34, 6.564575176893372e-44, 1.1151186315615552e-33, 9.09932237981359e-34, 5.116047011361636e-42, 1.771550364317608e-33, 2.1381156358083373e-33, 3.206163559333766e-40, 2.423114709160922e-33, 3.959001036024447e-33, 1.5709746709061322e-38, 8.30194408884911e-33, 4.671859718088612e-33, 5.8009107334678534e-37, 1.8151472529628944e-32, 4.2195283602852056e-33, 1.5344802732458897e-35, 3.109752209312692e-32, 6.65736494332032e-33, 2.6981735817490887e-34, 6.860813276478154e-32, 9.55327950029359e-33, 2.787262372763373e-33, 1.0523451213955793e-31, 1.542428770886082e-32, 1.3184624904604461e-32, 1.1663494976032351e-31, 3.0885629861552194e-32, 1.3154674595331262e-32, 2.013957919596626e-31, 3.708221588990881e-32, 8.403536704484308e-32, 4.177301520016709e-31, 5.946229563078186e-32, 2.9531446823557006e-32, 6.014963952000966e-31, 6.584149096004743e-32, 1.6232589895440313e-31, 7.6014613579961604e-31, 7.58321933467506e-32, 1.0150672031115598e-31, 8.36783305573464e-31, 7.266778132561221e-32, 7.391185716588515e-33, 8.441222527478898e-31, 7.863413256297395e-32, 4.762897212360571e-32, 4.7492066463156825e-31, 7.335108549461818e-32, 3.995474439793294e-33, 1.509990176929701e-31, 5.49953399785445e-32, 6.1066662815679e-32, 2.2248156962587386e-32, 2.3588720278098912e-32, 9.331049244122923e-32, 3.323202532439095e-33, 7.998121625122667e-33, 2.759916762469959e-32, 1.0910727520913254e-31, 2.3553576215726296e-34, 1.9020521725361178e-31, 4.542187596570962e-31, 6.337298095225181e-33, 7.623887570338293e-32, 7.827077709488934e-31, 3.065179060714043e-32, 3.016230109691017e-32, 7.209786980107592e-31, 3.971009767781947e-32, 1.7713691218271288e-32, 2.6874191686752526e-31, 3.2273834863832817e-32, 7.237360264012296e-33, 3.925917568509681e-32, 1.28529739072323e-32, 3.4816407412168834e-32, 3.984603629261781e-33, 1.930833473431479e-33, 2.111550045106961e-32, 1.911818285316526e-31, 7.508890238791099e-32, 1.5695322443688159e-32];
Any[0.6521316797663398, 0.6577906705727485, 0.8023896173065717, 0.2889059251344517, 0.2667011706634373, 0.04768819257218616, 0.10990995737418226, 0.10002421152761724, 0.004080270374711327, 0.11565794801617803, 0.10685882551912282, 0.0004023418678976254, 0.13187000999898651, 0.11843501438402287, 4.281726037235634e-5, 0.11757390726089924, 0.1058785385913615, 4.719233009173895e-6, 0.059838841925721226, 0.053014629584188046, 6.531058311949107e-7, 0.014838345306623466, 0.01232737425526836, 3.939257569607822e-17, 9.076142830495748e-18, 2.558801728610893e-17, 2.7510557882392408e-18, 1.1847839591595419e-17, 2.5393745611929763e-17, 1.2348760978273871e-19, 1.4927853095462442e-17, 9.827277526172793e-18, 3.741148134456298e-21, 1.7333757339090314e-17, 1.544168657932609e-18, 8.078840056344128e-23, 2.4474965436718167e-17, 2.6984259951038353e-18, 1.3071225643960994e-24, 2.7284290283996783e-17, 1.3188735415550362e-17, 1.6812000378315058e-26, 1.1083623176393118e-17, 2.1776339736094703e-17, 1.9221998253881895e-28, 3.952924833446672e-18, 2.832225558410456e-17, 1.5985445349348112e-30, 6.924838757689129e-18, 4.384513194009407e-17, 1.5114529653181596e-30, 2.3881098521853307e-18, 4.1476807889852785e-17, 1.1957425597005577e-29, 6.650586240058686e-19, 2.3739243997418876e-17, 6.251295102578562e-29, 5.690102780655156e-18, 3.0363090643996905e-17, 2.3491839413111664e-28, 7.045944099574811e-18, 6.050139243214816e-17, 5.279274137586105e-28, 3.722614360752639e-18, 7.802622640772181e-17, 2.079528800865639e-28, 1.4741183377855014e-18, 6.770840866539449e-17, 4.3100847219046385e-29, 1.5653906659506915e-18, 4.330261245720796e-17, 1.3164306950732087e-28, 1.958781175164613e-18, 2.1672316392760884e-17, 1.9395977555788332e-29, 1.6483822710717584e-18, 8.830244914893574e-18, 1.672304650933064e-28, 9.907200173934332e-19, 3.010900765726726e-18, 1.060942975249451e-28, 4.584498478563481e-19, 8.768052494327828e-19, 1.9388431746335033e-29, 1.7158891572483294e-19, 2.2150387167567223e-19, 4.299714161235147e-29, 5.3672823143639286e-20, 4.9150797621585416e-20, 2.3733886869070642e-29, 1.4357259680397185e-20, 9.67745961130204e-21, 1.0222780248952336e-28, 3.340646563849421e-21, 1.70511481120167e-21, 1.7973126423789436e-29, 6.85082707486929e-22, 2.7078904668971505e-22, 1.7446028993431267e-29, 1.2508460934052122e-22, 3.9001679783287874e-23, 2.7038893608664704e-29, 2.0503163498889196e-23, 5.12216554698587e-24, 2.1556338030035478e-29, 3.0458301673921346e-24, 6.163171948591517e-25, 6.691439724031057e-29, 4.107786486614446e-25, 6.822853330393559e-26, 1.2883845019303237e-28, 5.0156299989326116e-26, 6.975514296945723e-27, 1.8383217105718602e-29, 5.752413532122526e-27, 6.6085938451365865e-28, 1.9476066390235625e-29, 6.141769948622734e-28, 5.819687248318455e-29, 1.1459192601521187e-28, 6.468477659502538e-29, 4.777092293282761e-30, 4.6175851929418864e-29, 9.570953777099274e-30, 3.664487648841862e-31, 4.883190367405813e-29, 9.329860337178684e-31, 2.6331204463608696e-32, 3.349835951358589e-29, 9.809761564431981e-31, 1.776148755601123e-33, 6.247125595396949e-29, 8.4640635659758e-31, 1.1269716155528515e-34, 7.705155355726353e-29, 7.744124511900452e-32, 6.73882436253724e-36, 8.084483318835365e-29, 1.0336244988708054e-30, 3.804089915051916e-37, 6.064410034481491e-29, 1.8288133713349933e-30, 2.0305900909228736e-38, 3.2390748885465516e-29, 1.5578960936591207e-30, 1.0265118290840243e-39, 6.73668270164013e-30, 1.4679092779317692e-30, 4.921661810496329e-41, 7.347136802917484e-31, 8.68941292099453e-31, 2.2402362200789648e-42, 4.934196525085417e-32, 5.444435285856666e-31, 9.75790865843368e-44, 2.2485440341098983e-33, 3.7286154283185414e-31, 3.709754058854437e-45, 7.416966087730735e-35, 2.8485704592427766e-31, 1.5603151648525247e-45, 1.8543040599139567e-36, 2.0206395886238497e-31, 1.3523623357072791e-44, 3.636918775242733e-38, 1.2185343352457212e-31, 1.4860987305646643e-43, 5.748004907870113e-40, 1.0030590604564273e-31, 1.4768000070650354e-42, 7.478877003585733e-42, 1.0810017939339838e-31, 1.33640464276107e-41, 8.152735931204668e-44, 1.0519233187388745e-31, 1.0940649916385096e-40, 7.555005474610642e-46, 8.534302770821167e-32, 8.04793750086393e-40, 6.015203369333323e-48, 5.728998208598007e-32, 5.277354845437209e-39, 4.058525430325408e-50, 3.086726518078161e-32, 3.056260336074967e-38, 1.460828883159923e-52, 1.4199851301550261e-32, 1.54595464238851e-37, 5.393197756489236e-54, 4.495321273624386e-33, 6.740070236509703e-37, 5.617183539673316e-55, 2.0772033652299295e-33, 2.4925637751412295e-36, 1.3615474572488854e-54, 1.074623984453919e-34, 7.672148594316367e-36, 1.4099950664577885e-54, 8.42233064100709e-34, 1.925364936871786e-35, 1.678679985529654e-54, 7.52920886475887e-34, 3.8811174648771186e-35, 2.8733437604153867e-54, 1.4779723183304208e-33, 6.415047602903381e-35, 5.0404558945002243e-51, 1.4084624236976521e-33, 9.957890537426667e-35, 6.914255073591964e-49, 9.550537086529992e-34, 1.8766736834563748e-34, 7.465365547035326e-47, 8.480089681807577e-34, 4.469956677408976e-34, 6.80417563846006e-45, 1.6912487429871663e-33, 1.1052276771853819e-33, 5.1834335027034935e-43, 2.4822805392795052e-33, 2.3575956896521377e-33, 3.2418560587449667e-41, 4.3832340537173884e-33, 3.594643800737374e-33, 1.6272581728254408e-39, 9.8672019066882e-33, 3.4779846368292496e-33, 6.368720493441627e-38, 1.5426335847333267e-32, 3.3179270873413816e-33, 1.8705835216281165e-36, 2.9329110368968855e-32, 5.351417762201962e-33, 3.909183330524474e-35, 6.072049361099745e-32, 6.667090717572746e-33, 5.364129818087216e-34, 7.117970048495807e-32, 1.1521150762886852e-32, 4.2126172531636936e-33, 7.146902927324889e-32, 2.0336228752390018e-32, 1.4055318587927684e-32, 1.4751576708246897e-31, 2.9100454941342645e-32, 6.624443549646585e-33, 3.2846966402916613e-31, 5.387558083330458e-32, 8.625767807995735e-32, 5.042175600153141e-31, 6.949013939724045e-32, 2.928266228272712e-32, 6.881681628543958e-31, 8.178576084803909e-32, 1.9379063111561947e-31, 9.453967470522036e-31, 8.328606569160595e-32, 1.207559998739232e-31, 1.0961921831922717e-30, 1.0689794159837552e-31, 7.96930854814365e-33, 9.966641943916146e-31, 1.0174411313058432e-31, 5.761291249258299e-32, 4.817375789891798e-31, 9.225783144700865e-32, 2.5225627415801585e-33, 1.9031839728863983e-31, 5.722532052608759e-32, 4.743429708746532e-32, 5.848357382515586e-32, 2.8614275893417814e-32, 9.937043014022848e-32, 1.1877493429001057e-32, 4.71390772713703e-33, 4.3290166131810967e-32, 1.8731020571729615e-31, 5.274663768217677e-34, 2.1277350925544994e-31, 5.715676962413922e-31, 9.834563980082572e-33, 8.793185588607657e-32, 1.050584379690918e-30, 2.926310054576163e-32, 3.8284253556964787e-32, 6.525979805231395e-31, 3.6595508880496204e-32, 2.2171834339713804e-32, 2.7368467003127157e-31, 4.2240636959505825e-32, 4.563617595233355e-33, 1.1499670281507454e-31, 1.8736010116918376e-32, 4.1591745526742787e-32, 5.593544789107051e-33, 3.928849650159972e-34, 1.8191803676455913e-32, 2.1450325498549527e-31, 8.068955743351803e-32, 2.0297085732228245e-32];
Any[0.6707325436731909, 0.6739563967802167, 0.8627186311684749, 0.2818272083018702, 0.2559064530349307, 0.05497144364625903, 0.11695934100079669, 0.10950387119207486, 0.00504566197689343, 0.12923915458438726, 0.11811268134046794, 0.000533640564710277, 0.14753557702783865, 0.1327213184287255, 6.09089054507982e-5, 0.12903116135342155, 0.11448656627229681, 7.174345279363525e-6, 0.06305554889871015, 0.05464321495228614, 1.0899493519969162e-6, 0.014590044147204294, 0.012818518152693035, 7.132058373684399e-17, 9.108618358376066e-18, 4.48462166527257e-17, 6.338705072729602e-18, 3.8592165880290276e-18, 2.4779233691501617e-17, 3.6295161346254275e-19, 7.749299492206888e-18, 2.4841980689029222e-17, 1.406245197053258e-20, 1.429413854805234e-17, 1.2690190953826797e-17, 3.892991830816792e-22, 1.8343423930170123e-17, 2.357481926606855e-18, 8.058609675190485e-24, 2.3425653059164555e-17, 1.950035817388772e-18, 1.298721699745112e-25, 3.0222132828422053e-17, 1.0944589701487778e-17, 1.7240152349615856e-27, 1.7639913283355986e-17, 2.1415687113934303e-17, 1.657692094484522e-29, 3.765970664961678e-18, 2.6067624695185447e-17, 3.684958406279443e-30, 5.316992006073239e-18, 4.0291207389310325e-17, 1.7888137838972315e-29, 4.260529517668554e-18, 4.620844345460686e-17, 7.849522559225456e-29, 1.2448913865533994e-19, 2.8887998828530723e-17, 2.8747956568795673e-28, 2.860795784000466e-18, 2.157740960353676e-17, 6.1784898700598575e-28, 6.57153935238611e-18, 4.398098055537908e-17, 2.2514716904679168e-28, 5.192760953654601e-18, 6.994169667434948e-17, 6.357433218363622e-29, 2.2555073869640152e-18, 7.255902514445268e-17, 1.3766277287685667e-28, 1.3402942833805443e-18, 5.408899443110653e-17, 7.63920939013729e-30, 1.7130735507836536e-18, 3.110350562465673e-17, 1.868655149556645e-28, 1.791353276181907e-18, 1.4443010994934393e-17, 1.3377769765846086e-28, 1.3157227640163416e-18, 5.58639621339608e-18, 1.6632781754043824e-29, 7.266790995835235e-19, 1.8404510604834956e-18, 4.8599406927622e-29, 3.1957483042327754e-19, 5.252300115284511e-19, 1.863694843215776e-29, 1.1629781386612655e-19, 1.3156472406911483e-19, 9.377152335302836e-29, 3.59637616162531e-20, 2.9236258490254783e-20, 9.428472067980079e-30, 9.634178864597052e-21, 5.8146343065712615e-21, 1.4626635697893026e-29, 2.268498548372368e-21, 1.0427143778541583e-21, 3.742135605074929e-29, 4.74771358102808e-22, 1.6967213040813596e-22, 2.434153995707843e-29, 8.914864859404469e-23, 2.519134243226046e-23, 7.831613354607001e-29, 1.5146253587148105e-23, 3.429148843704595e-24, 1.4468645408833757e-28, 2.337684235307021e-24, 4.298064208193035e-25, 1.4554604140151318e-29, 3.293238834912055e-25, 4.979297684418667e-26, 1.569279079658405e-29, 4.281075439552327e-26, 5.3500865641507476e-27, 1.2629305822538218e-28, 5.064992334950676e-27, 5.348070938774634e-28, 5.458595962116038e-29, 5.937306818762762e-28, 4.98770671854745e-29, 6.4366168295949e-29, 7.602648635583728e-29, 4.351010787903085e-30, 3.893154836442884e-29, 4.439368275877592e-30, 3.558697797243417e-31, 5.571449909224833e-29, 3.7859846280539526e-31, 2.7349507530308185e-32, 7.688392560630566e-29, 1.534512777698946e-31, 1.9789750381208334e-33, 8.113488067448086e-29, 9.099090029258203e-31, 1.350752719355334e-34, 5.563294712361702e-29, 1.8188214443997143e-30, 8.711898573528269e-36, 3.90322649666111e-29, 1.5058800561834919e-30, 5.3181174093993105e-37, 1.0315794785808388e-29, 1.2900073125290497e-30, 3.077358066629078e-38, 1.4040711449226918e-30, 1.2071028478079249e-30, 1.690189812375592e-39, 1.1656973100676656e-31, 7.847336823737477e-31, 8.839779313833438e-41, 6.530945356382167e-33, 4.593686225918167e-31, 4.310563991781223e-42, 2.639324807220978e-34, 3.0458061853769895e-31, 3.7135323141724966e-43, 8.065264683777244e-36, 2.3670284810627183e-31, 1.0436178611472142e-42, 1.9302713093204232e-37, 1.8881713448676608e-31, 9.08830191286381e-42, 3.718039775094395e-39, 1.2049613526365103e-31, 7.076506782131403e-41, 5.890290204665672e-41, 8.354755359870285e-32, 4.991499189839763e-40, 7.812463374385725e-43, 8.638082873487312e-32, 3.162957730963287e-39, 8.803833851181398e-45, 9.406863465109624e-32, 1.7859355819635611e-38, 8.531552444512281e-47, 8.794603684652291e-32, 8.899156003183554e-38, 7.147621152771314e-49, 6.600998702572748e-32, 3.868333036316386e-37, 4.7872101929895376e-51, 4.4997950168138497e-32, 1.446573448649739e-36, 3.5680723326258324e-54, 1.8933581423979643e-32, 4.5761736001232236e-36, 4.472650795067296e-55, 1.2906676645628797e-32, 1.2007703551516022e-35, 4.618318193046998e-54, 1.3393955120049367e-33, 2.5614219322946534e-35, 3.6835218206168345e-54, 3.785493157227272e-33, 4.409232269864293e-35, 5.980212518172893e-54, 9.084875973210375e-34, 6.485369702301685e-35, 4.457987711251846e-52, 1.3876881436410101e-33, 1.0241687105570406e-34, 7.654564391115001e-50, 8.821141514880906e-34, 2.22009464246445e-34, 8.033892443539902e-48, 1.2179432805608847e-33, 5.685139936410263e-34, 7.093100293181945e-46, 2.503839525726127e-33, 1.3400240483959753e-33, 5.303620534154015e-44, 3.5599678179361665e-33, 2.4670048804913948e-33, 3.311696249750161e-42, 6.1114997149223405e-33, 3.0722800427842357e-33, 1.6950780259004364e-40, 9.643587935369046e-33, 2.57913820199829e-33, 6.948262472098154e-39, 1.3777360587532005e-32, 2.8438824040006573e-33, 2.213803863899583e-37, 3.0405437773952714e-32, 4.2843465937429095e-33, 5.268135754873406e-36, 5.115197429273291e-32, 4.8961720490273364e-33, 8.849754428164362e-35, 4.4151040335335706e-32, 9.010383431083537e-33, 9.619875256903828e-34, 4.818390510038107e-32, 1.3399985472835524e-32, 5.793828048078745e-33, 1.1627144432126495e-31, 1.9308978397593882e-32, 1.3379325205993787e-32, 2.360814757500147e-31, 4.2706682018715945e-32, 2.5236804997197415e-33, 3.882563447449014e-31, 6.185347416476772e-32, 8.410363970482636e-32, 5.810486830028643e-31, 8.408783017358617e-32, 3.947383463211783e-32, 8.666888923627684e-31, 8.645819225185723e-32, 2.1786835032957243e-31, 1.2249189560949201e-30, 1.1974030941796425e-31, 1.4292529610599587e-31, 1.2759893197764752e-30, 1.2948359469115825e-31, 9.67373397665775e-33, 1.020388829371486e-30, 1.2475132551071834e-31, 6.612397527184674e-32, 5.59154820142091e-31, 1.026077199503588e-31, 9.437887829749872e-34, 2.8719174281416457e-31, 7.244277694397719e-32, 3.297799145505331e-32, 5.27418877814589e-32, 2.5124774150800316e-32, 1.0104985825657873e-31, 2.484201990033642e-32, 3.910310259629345e-33, 6.977272951195185e-32, 2.6226618819017547e-31, 1.3809513589033352e-33, 2.2566757805158934e-31, 7.5212812319515155e-31, 9.721651732703638e-33, 1.0063503839428131e-31, 1.003085338330114e-30, 2.9737967479119267e-32, 4.696601601653895e-32, 7.3573978786163776e-31, 4.3973512128447345e-32, 2.803164092767886e-32, 3.5280978944410762e-31, 4.8036524206807707e-32, 2.234460840817608e-33, 1.3450196412006578e-31, 2.3543524520545754e-32, 4.618214939469616e-32, 2.139315706979167e-33, 5.804071492380507e-34, 1.6346633337332296e-32, 2.6533499626191326e-31, 7.420327558533304e-32, 2.5204921960384323e-32];
Any[0.6932632869708187, 0.6925299098897099, 0.924218727415202, 0.2628712698443749, 0.23503831707459322, 0.06291408636269932, 0.13170031826640965, 0.12515933697930076, 0.006173513685221415, 0.14353469516869596, 0.13137451427639824, 0.0006978496978843595, 0.1712288505504574, 0.1534793375891737, 8.512266451013358e-5, 0.12681578248090206, 0.1095801435613721, 1.0678699745639308e-5, 0.06721351708013291, 0.05855921045786185, 1.7709208771858349e-6, 0.017692931677634277, 0.015798295108073217, 1.1923734379867346e-16, 2.3022246767032686e-17, 5.654027038822218e-17, 1.316348537849872e-17, 1.022158839115479e-17, 5.424113478048369e-17, 9.381056627788935e-19, 1.9485442727546798e-18, 2.64480364440983e-17, 4.529640763376365e-20, 3.693042405036097e-18, 2.3490488813025998e-17, 1.5653620216286693e-21, 1.1856269627527469e-17, 1.5471575927455818e-17, 4.0493022213409496e-23, 1.866841535752396e-17, 3.778367696699273e-18, 8.123388273524077e-25, 2.207740029452513e-17, 1.543018496176274e-18, 1.311627859682651e-26, 3.0573060513519595e-17, 8.68267053018056e-18, 1.5974242939844922e-28, 2.453534213327343e-17, 2.061721844856775e-17, 1.1115297711946247e-29, 6.768719874415607e-18, 2.48099944215812e-17, 2.4821914549130184e-29, 3.1727673856918356e-18, 3.5613378757790756e-17, 9.613262597831363e-29, 4.977801726628376e-18, 4.776600767256273e-17, 3.530648471470199e-28, 1.1585187746416964e-18, 3.6478144322579174e-17, 6.97484843909677e-28, 7.244019838206688e-19, 1.9682659258620268e-17, 2.418670575998991e-28, 4.825645081184862e-18, 2.956336641685744e-17, 8.750834793768092e-29, 5.928464397139081e-18, 5.708516066676485e-17, 1.4782754708637135e-28, 3.4663411345791495e-18, 7.162082139817037e-17, 1.245787972067769e-30, 1.5602025298215724e-18, 6.25137595299153e-17, 1.956732610651152e-28, 1.4311859110365362e-18, 4.128449968199028e-17, 1.7270713054757788e-28, 1.7312414992014642e-18, 2.1774427232328967e-17, 1.2505548539185672e-29, 1.5513128451270871e-18, 9.50419215579331e-18, 5.102308475026827e-29, 1.0241193587826614e-18, 3.519764742741759e-18, 2.1066233272847657e-29, 5.284297788068685e-19, 1.1265024552401993e-18, 8.185556001174344e-29, 2.228407872449376e-19, 3.160288558555961e-19, 5.912570502848211e-30, 7.92080740656075e-20, 7.859619544490493e-20, 9.931717515635966e-30, 2.4258490650613e-20, 1.7489126049730564e-20, 4.754907448662224e-29, 6.506535409863454e-21, 3.5089612319725185e-21, 2.847433056743335e-29, 1.547513077791577e-21, 6.3897350403889265e-22, 9.601173731386811e-29, 3.2971727810382286e-22, 1.0620351974604039e-22, 1.5286741560976363e-28, 6.345703744637085e-23, 1.619169122685077e-23, 1.6995622954703425e-29, 1.1098774854048392e-23, 2.274230997890126e-24, 1.789731591840148e-29, 1.774953484443521e-24, 2.954260197206453e-25, 1.2969314374848656e-28, 2.6058059541921106e-25, 3.5615811743319423e-26, 7.131264259306345e-29, 3.514474835057798e-26, 3.99739879159093e-27, 8.209456896584675e-29, 4.533575415699385e-27, 4.188777693092321e-28, 4.2097094987579574e-29, 5.734337878831372e-28, 4.108645096790944e-29, 4.666766045166551e-29, 4.9974967474572276e-29, 3.781321868394195e-30, 7.585779829686678e-29, 6.085566637675792e-30, 3.2724454495170567e-31, 7.945208068167325e-29, 1.6119330017848566e-30, 2.6684726913558884e-32, 4.842534253250057e-29, 1.3740927039492131e-30, 2.0541336516539213e-33, 4.4377829551677157e-29, 1.3701638196196677e-30, 1.495296704729281e-34, 1.4760666235887662e-29, 1.3793993010103135e-30, 1.0310203009611206e-35, 2.475060755379791e-30, 1.0229309472376203e-30, 6.743601305019712e-37, 2.5038193216205234e-31, 9.781729711192182e-31, 4.191764771565658e-38, 1.6985594405348393e-32, 7.227264649914929e-31, 2.471751314813117e-39, 8.278955286815895e-34, 4.163096476587512e-31, 1.4734947167701308e-40, 3.0432384629869676e-35, 2.5611163142345326e-31, 5.336701255272908e-41, 8.745108732291002e-37, 1.9321836752574038e-31, 3.0808533907506977e-40, 2.0197591266971958e-38, 1.6966011956630956e-31, 1.9038765409248362e-39, 3.832768051110655e-40, 1.2257734055444358e-31, 1.0514923069236921e-38, 6.08421676024018e-42, 7.699055981005665e-32, 5.175532807841009e-38, 8.200793277895189e-44, 6.98875108179945e-32, 2.2449369670796156e-37, 9.503649976112168e-46, 7.846493464210327e-32, 8.478579853119427e-37, 9.558855985161918e-48, 8.06750839225098e-32, 2.7470577832060397e-36, 8.25422451617265e-50, 7.97707202958392e-32, 7.499665766209948e-36, 4.6748809426333364e-52, 4.3478382236703466e-32, 1.6897329301063922e-35, 2.197681164827659e-53, 4.311538153375731e-32, 3.0831295552813884e-35, 1.4091226824753947e-53, 8.779535031972964e-33, 4.592586138582201e-35, 2.5151731239760988e-54, 1.157839760059386e-32, 6.356581687246557e-35, 1.3293493960985678e-53, 2.5183621385503047e-33, 1.1441721730222426e-34, 7.968361141304816e-51, 7.295159805711328e-34, 2.8843892605522504e-34, 8.613703771377926e-49, 3.2626927993469524e-33, 7.389178804637539e-34, 7.43003626622295e-47, 2.7411496533590558e-33, 1.5639207193751272e-33, 5.470834503758608e-45, 5.1320252632386315e-33, 2.421634285216834e-33, 3.411730022798897e-43, 6.726877711760731e-33, 2.485100480405714e-33, 1.7746494825254052e-41, 8.663754015795922e-33, 1.9891593682270514e-33, 7.553691694867874e-40, 1.4281985551631837e-32, 2.5699547856086667e-33, 2.568644283125739e-38, 3.1598129912077556e-32, 3.386014362139085e-33, 6.7654550491223475e-37, 3.9106602705758386e-32, 3.873180785139741e-33, 1.3236785513983845e-35, 2.5223125386142266e-32, 7.179112438004735e-33, 1.8115804154825067e-34, 3.841230448052452e-32, 8.757643153797572e-33, 1.5767451715116224e-33, 9.448988184009263e-32, 1.3636240902672453e-32, 7.301413374574672e-33, 1.7021059566612763e-31, 2.9920277060638714e-32, 1.1201653962872247e-32, 2.6576609176835224e-31, 4.857674261620379e-32, 2.2112337996721247e-33, 4.492354089709622e-31, 7.310562116159514e-32, 7.90503323568085e-32, 7.460485297774307e-31, 8.477173543467034e-32, 6.319587792245744e-32, 1.1316915527191768e-30, 1.2105023497767834e-31, 2.3271204513144048e-31, 1.4077482904508743e-30, 1.4449276760636086e-31, 1.6697121007535803e-31, 1.2918454197691605e-30, 1.5461980593173655e-31, 1.3963018197598116e-32, 1.1581916103876987e-30, 1.4132853281706032e-31, 7.207308911127842e-32, 7.637388406888949e-31, 1.28121025626213e-31, 2.6556838268337546e-35, 2.8839527473782517e-31, 7.233872948266714e-32, 2.0289413673047518e-32, 4.872124301698981e-32, 2.688875065650635e-32, 9.909186696093666e-32, 5.031778231267373e-32, 1.9801633125554776e-33, 1.0782160856407978e-31, 3.3037797604277394e-31, 1.0561233902852236e-33, 2.2823312056754394e-31, 7.138212886955337e-31, 1.263929700305036e-32, 1.1411782610943343e-31, 1.1066442250755064e-30, 3.7983668793718447e-32, 5.58298469288157e-32, 8.283980698987094e-31, 5.305652307261928e-32, 3.5822221385055624e-32, 4.471844256562665e-31, 5.31610737469736e-32, 7.342843976026239e-34, 1.995233089116709e-31, 2.0784148729355467e-32, 4.7834807106936906e-32, 6.319795084246273e-33, 2.3424203164701452e-33, 1.6590049390360808e-32, 2.4977979877051483e-31, 6.209378995926103e-32, 3.0529542075711537e-32];
